N,P,K,temperature,humidity,ph,rainfall,label
74.9816047538945,58.52142919229749,51.95981825434215,24.190609389379254,81.56018640442437,5.733991780504304,158.71254182522992,rice
94.6470458309974,48.03345035229626,51.242177333881365,20.144091460070616,89.69909852161994,6.7486639612006325,181.85086660174142,rice
67.27299868828402,35.50213529560301,39.12726728878613,23.673295021425666,84.31945018642116,5.936843710297063,241.77793420835692,rice
65.57975442608168,38.76433945605655,40.99085529881075,23.19248988951925,87.85175961393014,5.799510673237539,227.13516576204174,rice
83.6965827544817,31.393512381599933,48.226345557043146,21.19366886581104,80.6505159298528,6.92332830588,294.8448049611839,rice
92.33589392465845,39.13841307520112,32.93016342019152,24.789631185585097,84.40152493739602,5.683057352267168,224.27653651669053,rice
61.375540844608736,57.27961206236346,37.763399448000506,24.637655990477874,83.1171107608941,6.280102031766717,232.00654190149194,rice
67.39417822102108,59.08753883293676,53.253984700833435,26.576492590949325,88.94827350427649,6.396849968216628,288.2811352534675,rice
63.53970008207678,35.87948587257436,31.35681866731614,22.27731231534285,83.88677289689483,5.9070235476608435,274.3106263727894,rice
74.27013306774357,38.42803529062142,46.28088249474746,20.98646957482334,88.0219698075404,5.611825965519656,298.0330404900776,rice
90.8897907718663,35.961470446025174,30.165663513708072,25.70822999918384,87.06857343847616,6.593510752061481,265.6905520028919,rice
62.96178606936361,40.75397185632818,33.47607178575389,26.041723981129156,86.23298126827558,5.996347037278974,159.53375254290356,rice
72.4392928686265,39.755499660802414,51.888185350141924,24.462902299486494,88.87212742576327,6.208322387742924,167.93913689074526,rice
88.5297914889198,52.82355145850693,46.83831592708489,25.396770259681926,84.9379559636439,6.284099244072991,214.13115275378243,rice
61.01676506976381,33.23674280979913,30.942875570602027,24.454872878846462,83.14355981076326,6.2628560367470545,286.13497108891397,rice
69.971689165955,42.31148769106889,52.66653415629146,21.601587158441358,80.76979909828793,5.934627179370652,174.18319308810067,rice
97.18790609370292,54.24361138693251,49.002112695312704,26.10022413131402,88.03672076899115,5.779855088329054,283.88384977349665,rice
81.57368967662603,54.22320465492187,56.8827389977048,22.22602432480305,81.10051924527677,5.841902743812913,214.06616829393846,rice
92.72059063689971,55.82191749769031,30.20856391593572,23.57523111804296,84.17411003148779,5.833161715706096,167.97980510005243,rice
73.50460685614512,58.287291117375574,39.696087960622656,23.631534352203563,87.03018958895177,6.045444403568941,295.7673124081441,rice
98.49789179768445,37.553468874760924,44.91745517677156,22.10614816871739,82.84840494377468,5.555330421031799,241.4346500969845,rice
80.10716092915446,31.54436253749968,38.359393927098346,26.357861201766575,82.39561890666972,5.717342308136835,223.41791404163445,rice
99.42601816442402,37.26165814534501,50.16406642217636,25.331337307301023,82.37637543992399,6.59232452291779,205.16746990788798,rice
85.29223322374318,49.00589132282684,46.073240522242756,20.632028390380857,88.35302495589238,5.981170097457603,177.97777655997814,rice
61.63100566219056,47.72678829564725,50.32693085526847,20.116114802494995,85.12093058299281,5.839743662796907,246.77591856141748,rice
66.97465716019965,50.72813214307398,41.602060389016124,26.557109921157142,81.37520944145993,6.011599526575388,167.02102818608836,rice
96.98774473114251,56.32018060142943,37.73824883145467,24.619888322239255,88.17222200201216,6.332801217399194,229.44758675340097,rice
69.67409163601806,32.79308303417697,56.91647273859981,26.302926400143313,86.33101457273268,6.008544686573051,202.38143619189913,rice
89.03822715480958,56.913307798577314,56.61259272795352,25.459128821003368,86.42031646154288,5.6262099474925735,174.24430711419205,rice
95.94216754108317,48.1928717897877,30.27591154849889,20.710300800062225,86.63501769108056,5.507592375769328,174.1212077126248,rice
81.94935157466344,50.7568559307808,49.55883778507801,21.56988516622392,87.12179221347536,5.8558736312452,198.80995472389014,rice
89.85965620472096,49.48898697141644,55.47670231482534,24.603290246102404,85.68308603335471,5.640512151742139,205.157370458915,rice
70.60809470726902,37.319689301372506,59.190316642573364,22.751684072667324,88.92046555177113,6.446707938995894,269.2216955312473,rice
80.10548372420769,47.30711653879077,44.77553081456592,21.36670091458631,87.22452115261505,5.921158543661283,153.64739496471807,rice
85.81889183628671,35.31332038221147,58.21375753058743,26.677500039018113,89.14864390220448,6.055238050383167,152.3184924793301,rice
97.13274250350901,42.84552444951943,58.999644571310085,26.74533983962477,88.5300945546736,5.941673338104379,207.7646592902888,rice
94.04546686067428,39.50766015468833,35.084782400582775,23.897608837208452,89.36154774160781,6.54404469501246,235.50917551340473,rice
63.887059750830744,48.45021680097509,59.7016155031279,20.980588106655667,85.18329652363737,6.816059607891933,261.1152926631307,rice
87.88062963981072,51.07452251961328,40.78473453659265,22.055142909851455,88.09361155478514,6.715170092018771,280.0608477870155,rice
96.52962210225886,45.34027196582814,45.04548884061599,25.588066252767426,86.49963930777766,6.552950315886555,269.36890041541517,rice
95.60021367270265,40.13985470554607,41.26748857919832,20.657873578886083,85.78280140996173,5.553913410695113,219.83970271986902,rice
81.70578538830307,38.59623756384853,47.724997817070324,20.213501749573346,80.37348188749215,6.733900840989487,204.02859621168943,rice
65.0824205060754,45.66729780164413,53.09980659295832,21.5107471924779,86.22890475819,5.628021197490652,157.75225817529116,rice
81.25418526272591,46.219053648303195,49.1228970449462,25.08263933605863,89.75852079462534,6.274450522451793,198.4434709411869,rice
91.80744779074814,38.124967537862226,43.16914262116909,20.549194669395863,80.25350743415457,6.943972622016887,275.3970180768309,rice
87.83896824374793,42.268588332428095,35.19882960212537,21.095059298697603,82.50242898164595,6.3238399970591805,257.18938840500937,rice
86.40789506870925,38.39801690837828,58.64595841989582,25.16527841687038,85.54354052511401,6.417581119351528,212.94000936416847,rice
69.9092395800463,40.679180359537845,52.735383313931074,20.10075442040829,81.16072640506916,5.569003963032629,156.1093203478455,rice
94.21842336044028,51.109735781400715,44.22521487261976,20.684839124557012,84.91615875116833,6.210207656170849,175.98028048650227,rice
77.35406596951893,41.955142031921206,48.47550294156649,24.445655556073508,80.45304009772045,6.061918921939707,243.87898735713546,rice
80.12545034320351,55.69469523564967,49.760808948568354,21.140540989570006,80.70568747400429,6.463628917309474,153.97669658124326,rice
83.43102325093852,58.20690724274873,47.26422533627637,22.717189483445654,86.43288218442353,6.187379335737275,231.84251839739022,rice
97.658592351061,41.58307913402323,58.83571691471742,26.337454493692448,81.95791134789296,5.604041951312748,165.11670020661398,rice
60.72887302606199,32.83328882267785,50.490203202490704,20.498320539221602,83.18975630293761,6.767312966454182,153.4907903603739,rice
92.57873930355743,38.455643243202,33.54494482864969,24.877160157549056,86.28942846779884,6.8162080202905795,260.26065657058285,rice
92.13923721539393,38.4610371771392,35.32318631339169,25.254303261486008,88.06834739267264,6.98575771300101,211.89265153671397,rice
74.88072343171133,53.29238882225991,40.22410620759054,26.515301279224953,88.58412751843012,6.143491041062528,262.6306601687246,rice
90.1817149633873,33.09371606507798,57.076587200386996,23.536766607135,88.26457466107742,5.9800744015459175,284.3284842744301,rice
75.56806714936653,30.325129544408952,57.16145929257791,20.639006737502935,83.19313637590415,6.925092950576207,292.59107204063343,rice
82.93751552493144,48.95511636509398,43.45336565934959,22.05247540188645,83.28664545369917,6.508777684115557,262.85617941565204,rice
91.66316174903395,53.68854428383662,32.73618309146071,23.46094213291807,80.57558760016644,6.324293323485604,216.22957520600656,rice
95.508167310332,40.527450376562356,33.512010492828175,21.00094177436985,87.61510631717472,6.427327094974392,165.16840141841854,rice
63.364272244599896,51.0290739437736,32.182890190925804,25.753020415032495,87.06242227156497,5.62202317096285,162.72565711277878,rice
99.46558314004702,41.22812387268361,41.11926441200673,25.68959697080252,89.47248577383859,6.979001595734307,263.00672778884126,rice
75.05038342123663,32.50502150096006,53.3144074778231,23.908829748150637,84.24222009246976,6.8595315776421035,166.6796223459227,rice
79.70500417163436,30.34060934302257,44.05981925982379,20.394122929772863,81.18817916268073,5.676289370165657,247.38154531740952,rice
89.84179517061693,47.50106295291479,58.86517645423626,22.62409405666593,82.8571208628186,6.80289869228419,183.53937577791788,rice
98.52890157762445,30.36463424069449,59.09636480122917,20.302119383654034,88.91143113698071,6.29155166362945,298.94471941789504,rice
62.95186258941595,46.61562853203962,59.079076068572974,23.66168490919104,86.29398638135262,6.543623033476926,218.181159715166,rice
85.10232320336254,47.529429357693004,57.034740314729675,20.318124662390204,82.80963189592231,6.925617226114838,283.53956758363745,rice
78.22627011142852,48.6039779340461,38.32143548943398,21.31684811806633,84.63698404939981,6.0300283420390794,237.5484167776308,rice
63.10938547859939,59.23184422998499,59.586322334388086,24.887131998138216,85.3609636634412,5.964291424429492,272.0692529560423,rice
87.38924690215518,34.87850818034674,57.32781553481527,25.757760700462182,89.49799913291923,6.58857926258254,242.01227939036846,rice
76.72972145162475,57.9818545006204,55.98191668501225,20.316530690743328,80.26366974497252,6.0646950503170745,271.58299961727494,rice
99.49104517259778,34.512506733105845,47.82392146056405,22.66623599641715,89.69914397814603,6.763178384703563,275.74930570667067,rice
78.7477263917988,42.44458507012995,38.20221215792119,20.39462847655649,88.64722376255054,6.719351513695116,299.9576509929196,rice
99.86547348295622,46.66295116807882,53.06962245541531,26.613360109176995,88.49647390677411,5.871022152614796,217.58162029651402,rice
65.1663766060598,58.621530817761666,48.1852390335264,21.60049963852424,86.71700684405857,6.427192360686844,203.72440770492608,rice
64.54230368798517,50.14719586778399,45.6092310271138,25.406228742149473,85.20163501111993,6.77827225047781,232.78602581617284,rice
82.43751886141546,56.29960807975035,42.10448598637191,20.938106599154484,80.2878267631334,6.632705883510429,243.04643270301972,rice
88.16319072396894,36.388924845267326,34.09114426760309,20.101812659675172,83.50587558806598,6.38487653028195,208.83660676495984,rice
77.49899688094916,57.12476083481245,40.447664010699015,23.597926424118675,87.83653012741144,6.094814173481906,243.313005034181,rice
94.4945483498698,58.485618709729266,34.41220442787114,26.48611337613046,84.92116293079538,5.887366582448437,218.8703634357392,rice
99.20130301141909,44.77854281978609,39.86254830862525,24.43380598021708,82.40145618778193,5.613794992162996,169.3319582865974,rice
65.1218335583109,34.55708080536883,34.164815179482304,24.486123213622502,81.81880084399145,6.018500924985795,284.5182614859018,rice
78.95846561051489,50.02673215563081,35.169596136048895,21.346023131660694,80.4086861626648,5.7534025946082465,191.78855085479378,rice
67.08041937106987,32.66107601271167,33.61907613301803,23.22545137622908,82.06333718405793,6.0464047915721135,225.51259062822854,rice
87.61579314517462,31.179364195232967,53.98231196727128,24.395302726436356,80.81759031948872,6.810367936160166,288.130860079772,rice
62.44311839419455,38.30632944441611,54.18603839379184,25.237817832685607,81.84521019356377,5.814023985005066,205.5708154187073,rice
79.38091940764085,48.54764314590888,41.067409187093176,23.237743012932036,87.47470938133756,5.555024804335897,187.8655416516031,rice
88.5339834353821,56.856205130615976,45.35032326346998,23.72479439685721,81.07172011339776,6.171118550235182,229.89258996825347,rice
69.69882014538919,38.07729692848143,41.31852489313868,20.140498384444086,83.22079165583179,5.817172010494817,199.12460282668718,rice
64.79048527277004,56.71581842219685,47.80777360662146,24.753716234011428,87.89171238607338,6.247663298393586,163.03804321311355,rice
81.48426167274191,47.60523354062637,52.3631842255299,23.021616823607754,81.27580302795563,5.925663858698087,204.46234445979525,rice
85.83668965326405,47.12334914006736,40.68290177693539,26.90560674155086,86.05774819356887,5.855840187603992,165.26737089306056,rice
66.11436556737328,37.37873185153524,34.82044119778667,21.30596916835914,82.85095168693847,5.760060392942132,284.5148136939638,rice
63.20934982646569,45.73534168710764,42.31190480968985,26.876650318360245,81.12038902168052,6.096783398568612,295.42056499130535,rice
94.62028503575921,54.512162128478394,37.7370848113482,21.19621311173046,86.68643219924431,6.894063983691378,233.51443395208946,rice
82.864507578796,38.399372809808526,53.084787995758106,21.309306239902664,83.23679236404243,6.138154657924625,226.14155680266825,rice
69.69638929660321,33.445104742176106,48.31860127324897,22.02041387268179,85.81238221422612,5.731544072911303,222.17101527822263,rice
81.30357730206343,51.55470610467281,60.098128345817614,19.209732092450768,56.267499409455354,7.479920464779891,66.11769224873615,maize
92.3949778341854,57.63921964291291,70.44508166671788,24.842050739007178,66.91277481215688,6.443152377100317,70.59204570736343,maize
73.95473066171981,77.88587432743478,74.91858223363187,26.68524219599861,57.485944469710894,6.961734950407289,96.91702284105189,maize
67.24932264662641,51.99488802100333,72.23361947870177,23.170258018619208,71.83657553516544,5.779544753252579,89.76336559299452,maize
68.06509280190978,54.90967828597113,54.92797393792979,25.33117248208244,68.303944413924,6.546130849538239,67.94152420617513,maize
95.08802163252433,61.77335322267906,74.49798318414732,21.952214177131964,62.53888858849815,6.425359571339213,65.0688937082071,maize
89.90437520705004,65.08161170277438,56.96638085440452,26.096171159471115,62.67782442746423,6.587105722227977,95.32360554822735,maize
84.96951983655968,53.50694122125092,78.19496370840426,23.64937247764276,61.69811229314172,5.778544145326775,89.7012594635148,maize
84.80291023714054,66.00383275928965,76.81677749152873,25.09737490102078,58.033497594655024,6.123444135591097,62.424456990723286,maize
89.75785170290708,51.00597304207338,67.0966905461395,24.862128171666214,72.53531273523498,6.184163497431815,91.06286523360063,maize
64.42526947820829,75.39356875203555,53.824659869959476,21.575585615043305,70.94590731559107,5.799834854697547,61.462569761632075,maize
88.89010273572265,71.60109609638224,69.23442898655892,24.2455360002039,65.85448886695193,6.0035981178139055,67.28479967519597,maize
67.26390867205703,77.25351684000884,67.50175384298362,21.60766275087276,64.24011607288266,7.39456667922363,57.66757015580401,maize
83.44919328067189,65.17666036653398,68.34362706303943,18.162991654387564,72.44247817888302,7.364236564967225,78.25665917946044,maize
87.8660329550757,77.67498143531887,71.21715902940196,19.37285138622835,66.52576720333626,6.713430092765712,71.2065335651193,maize
89.45776942498891,78.03101044307044,77.76705538720329,22.05755434263719,57.264760916815106,7.469682397924669,91.94490432229671,maize
64.98650724813068,77.62525647852117,76.09689086186384,22.669542514134648,66.82550871489859,6.298005407740261,52.73808194110157,maize
73.40788966583604,74.08560345794035,50.138960690138084,21.001492545220298,62.96337387181887,6.5747912058758455,95.99278082063802,maize
73.85383977463844,60.40859605688683,72.12503744329246,22.069961468008266,59.49209645879964,6.404879032265387,57.04285101898999,maize
67.05547946024893,64.95103318218439,62.56776348513644,26.2336131096129,62.24787798233266,6.661176700556087,81.61321439597651,maize
60.523778263533345,69.90612116050131,55.34107900609254,26.649632857225097,57.97325455506226,6.329248247454047,54.26748340393219,maize
99.87497007383789,65.06585030993728,67.86155051960131,18.603688296495847,69.99920940798356,5.919811186191172,94.90271447203568,maize
68.20558561928028,55.720631619909994,51.09649003544285,22.248602505989993,66.29682266525234,5.631417278856705,88.77638083475053,maize
78.13155338992111,65.7317080798274,63.222882408146845,21.606867547877933,66.19280662616436,5.810480491861425,59.09640652476355,maize
94.47142484054069,78.38346386400897,61.19927948839259,20.436702058291985,67.87999086478031,6.317468342196193,51.26931778301724,maize
66.24610389464762,71.47916686542193,69.76771825730454,18.24386393253135,59.43944323865899,5.962149593176143,83.59463717993643,maize
60.788421510174565,53.123257459537214,73.99748256119568,19.606901958489004,68.0549221570375,5.976365562093453,54.97206963796726,maize
69.72688763997816,71.66800795566978,75.67089404318857,25.471978781102926,62.943670592369095,6.836170273141292,60.24921477079105,maize
71.72590921044053,76.89007455563359,50.39005770532208,18.76957677769021,59.157725102920544,5.553064407747639,59.071771754489866,maize
83.32166243878768,62.642736517774935,76.78015133230925,25.356992055645968,61.83634703395752,6.018846866862585,68.98462040836334,maize
83.6117977005923,58.041909224686286,68.72446723547402,21.684704869721163,66.0409436170396,6.372253058270633,64.72328797709588,maize
97.93813227848626,72.90817382479283,54.203395272993575,25.816211783081215,64.74862396499027,7.289104453788183,89.99276279736577,maize
77.00854017876934,50.67407924960352,58.060320781548384,22.874707931947803,67.66956439652294,6.015775370866405,56.96780370364121,maize
93.39720947197196,79.53206542110657,65.77070546908058,19.545113572634733,60.44614653038738,5.536781353094933,95.71494032802495,maize
64.71004331560565,67.2954942654276,58.22165662061618,22.98760202264214,68.02840776703728,7.159483607414403,60.32106358803016,maize
60.43983314633922,54.10656890206422,77.00055925544315,25.865010698062637,66.94826204340616,6.701033720867307,83.25183372731277,maize
67.01485114493798,77.4323583777488,62.56311574676219,21.448246754245478,65.37835410565675,5.59393193355011,58.31416843780397,maize
89.52134465705481,52.483960037753796,68.09456328399165,20.20814198713189,62.78591228083953,6.0773874735414,67.78363582324747,maize
88.76183620736981,58.91365146869525,66.99213920890692,22.284453619791897,68.27342330725295,7.373659478649516,86.62860486051252,maize
68.59761514363026,50.93549405183854,57.867921328994754,23.355701376302292,56.02851626968501,6.492732494402473,79.84214244584446,maize
73.36975563267843,73.12736611237466,53.19794759401316,18.67624003562228,69.56377512407207,6.490982632412397,84.4201198213868,maize
77.39309354414985,57.3920609971732,74.573069530226,25.194742910720812,68.89392941708854,6.044290274459925,79.51153334345435,maize
74.43895587760107,52.747462199799024,77.51940726386728,19.23136767827065,74.00474707641605,6.392011545915912,59.25664644193098,maize
81.67603789513433,76.18837507629225,71.96674659228684,25.25905033075305,68.17566733421435,6.884553129035705,92.45978257826596,maize
69.98672035436743,64.68274890929422,56.636283254588065,26.889012071969823,73.88118679373227,5.578853622737012,85.27875862578442,maize
97.00993269662663,55.417260353820005,67.03835691657889,26.239394678292378,55.67891957171598,6.89484053449368,64.86745036862754,maize
96.97584781506121,79.13174735496104,78.32799467340303,22.267927949917173,72.24085301978627,7.189098797070141,65.95502366216279,maize
93.1566189660271,51.11022904146478,67.8880963544616,20.07007953558933,57.41133771554558,5.653906403258418,84.81443879390699,maize
73.59499855072265,71.74300314586284,51.96069022396827,20.837613040475492,65.78982584750675,7.081446329677927,65.9376251466035,maize
85.03565505748037,76.57933244708562,68.47589564546914,20.096635272782706,55.48801563113076,7.24019774780186,51.063470542519354,maize
94.98806690736798,65.86811402081636,78.17203095538689,25.189049121962988,74.95868221066675,6.20142363090342,88.35941444655634,maize
76.07723654436968,64.39626860911727,68.8251638965511,25.86309402767705,74.6816693839859,7.036546827729037,70.8883391083667,maize
76.85428009108281,72.12746904766675,57.16331437304907,18.99426701818255,62.092443152815534,6.074477983308164,64.81540602279951,maize
69.3443100419964,51.26279568909086,50.53621804200242,26.88950150762428,63.55546267471725,6.268653294319363,83.9823641346535,maize
68.73015551460257,78.49883551850675,73.59035043246656,18.804699020810336,63.35161551569857,7.258236615124329,97.2366011145705,maize
78.69606044999479,68.40234167632123,55.01101838276226,26.92051763523279,59.63343402766887,7.385463548270251,82.48233244961843,maize
84.30947179515437,65.38065533049526,56.92009435153276,19.588752288049573,59.409724181403504,5.872876524288509,88.97922367833766,maize
74.00501036666921,51.73528029690189,79.07307890422433,25.954072964670832,73.55504566390425,7.489815645292871,58.69476246097437,maize
75.84968075610635,72.74715427112274,70.88061854161377,19.385063157058696,71.31666249981235,5.948881143673321,61.19088074113115,maize
81.47897691573654,67.7881980452511,67.40258623513434,18.823381536579795,72.5492172526076,6.031200085177412,56.47574606414021,maize
95.54992319475909,78.6695449468926,75.86382851796353,25.2856446725239,68.10483961278044,6.601714741218279,54.34933799557051,maize
76.33812852282794,61.18065551036942,57.79261351280979,24.510781023197264,64.91751470157541,5.662092431815296,61.009160097490565,maize
87.33035054638384,52.283925784709005,75.53620742146306,22.45631874312577,64.61173154653297,6.684815569319035,91.23404829625746,maize
73.91236831608772,70.3404845767719,66.97195891987373,20.403254431524793,72.57259972710315,7.094852043213856,82.92259173292128,maize
94.02326916376967,76.01882602879407,71.25088930145104,25.533119955273047,68.94942923338567,6.860281543520601,80.93056891075922,maize
90.10866558230565,54.75815315879221,76.42612277596785,25.846591749707088,55.58494566069118,7.151633501129526,56.44349337367226,maize
73.40475417036568,72.30524768874824,54.82279688144925,25.361703217071558,71.64268355915485,6.514935467521672,50.31929358584168,maize
71.48152532699652,68.50780755127226,79.43558534082271,23.686321743150017,60.196071621283195,6.768011406199223,76.99926898579278,maize
91.19381580604575,53.20941916480875,72.83083707506084,22.87139920808499,74.25984007717989,6.183744332077373,81.6310946566974,maize
97.2811242204007,53.07529183972038,78.11685461709354,24.19097150070732,56.35674118210344,6.101927133893632,85.40860443226407,maize
62.69402405875087,67.4651138052882,60.3764917085887,23.588239659907295,55.91484067625026,7.2430736123047526,98.67444845886985,maize
98.75511421142767,72.48955495228773,53.90258720391896,24.824368763361203,55.49173832917603,5.5442471030579945,66.18051095747705,maize
79.54572761618664,73.1122225342338,70.49886129819515,22.013124357390737,60.47253332563332,7.494249000315422,71.30906511179865,maize
78.05548097318702,54.90871463575007,73.84428646249788,24.2431400320334,59.41539225577521,5.664762091231685,84.02496510373565,maize
86.1804485712454,58.19778580994628,78.5259068675123,19.3595210260281,63.64669602085204,7.387231840335198,70.98636584630611,maize
85.54103790656342,61.92783193888383,58.2264560704601,26.855798831638452,63.18668012630086,7.288198407358269,61.49773029455431,maize
68.52418816100334,50.93402248653534,69.55000476127655,21.31673709351385,72.28716499679274,6.446419813383114,98.40967139573608,maize
67.42102062812485,76.05869503866832,73.29790558375225,24.938296601796466,71.89566456233776,7.022047981885998,81.31101608157077,maize
65.2497951072955,50.975785384737556,77.6254354344706,23.549852830686643,70.93074581952352,6.4630447030251,55.86540944811972,maize
65.00743168810202,70.56695861686914,62.90917684698388,19.80472254030303,64.83189093482873,5.628417874150268,79.09857009571994,maize
70.75973617740391,73.92677301911564,59.31085876770722,22.09698134173621,55.232410798162014,5.644893775589118,69.62467782033424,maize
79.19755338868494,68.0006164435791,58.7498773612791,24.254836975138883,72.2024479437841,7.0597019777867,51.980941267417855,maize
79.22027789031316,53.147905352545244,57.26135047587582,26.87996333940432,57.84991085803026,6.497776306902712,80.90778671590596,maize
88.09859882176416,66.78946050460742,50.29312542257551,20.938151774195926,65.35423286769424,5.675732998289667,67.53134656045904,maize
61.328124351654665,52.35735491465062,61.90769828604788,19.194441786387543,66.35081696523116,6.878929938274531,90.02933495545415,maize
68.0060097697924,55.024477467772094,53.13703521003201,23.72787224589273,69.12951452973802,5.563172289651284,96.81061231218449,maize
62.0788513460589,66.23889005903212,71.27181558352748,25.83872211371477,69.28173864264855,7.103456166139583,66.97250962714031,maize
92.5930045498605,52.40344539154025,76.84449968181583,22.928331385383625,71.34595539924987,6.4046365690366,82.17888475982625,maize
81.05610643744453,71.94768565265996,52.44889946091769,18.543168755915076,59.94206468020293,5.819089360226377,93.58917832961009,maize
68.76855949432178,79.27595767457393,60.10687375313321,19.639061241198295,70.79397014284959,6.817415551001752,74.90978582265694,maize
82.21454203750525,71.57605334816792,56.853642239938964,26.967005244510677,74.49586324293566,6.800651372693874,59.97712254645725,maize
87.20912969725165,52.165952269375275,50.91957506617418,20.319145996600923,64.25245913478632,7.236545010816761,86.3584534883154,maize
89.70826084799924,62.764800033442256,60.378049776408886,21.339348866861425,74.75299127472115,5.580218382824965,93.35157480612243,maize
83.14701634289574,63.158462575687714,71.7577298124541,22.380020472822324,72.46846476163321,7.3014037280225175,71.08604634367276,maize
71.07311188940207,67.77050985780087,77.37090036850073,19.895959701050998,67.45933167126965,6.763120440185041,86.65565112076405,maize
65.2627074050904,71.47474894046266,77.27097561996924,19.61714797983218,59.75086649847755,7.442790188083279,59.04884763547449,maize
94.17540373478317,64.76833569344105,57.41693223209531,25.836749111452605,63.90610510005331,6.529634707859381,67.96166846998828,maize
83.71803405739709,54.90571617755069,61.73244609955282,26.724710901017588,60.16266865402255,6.813473329082584,66.25950321123474,maize
90.93892502746402,53.92620982155049,79.09463135235634,22.084105872452753,59.72100926692928,5.646993494660025,58.48789525437704,maize
80.79095794224071,60.11009529293859,74.86650097647828,21.877987712956255,59.9742854517526,6.73428997320806,85.33886084427229,maize
6.681676316037994,65.02857648864953,61.10014280800629,23.154814105459483,21.301849803839858,6.449261751499628,63.76681795876789,chickpea
32.22680611800213,77.56063093190257,86.04813841539776,19.440888470257377,15.231115813375007,6.039499223033979,32.28347424357259,chickpea
21.24678112004128,88.09817076884885,61.180306220055286,18.85476939807019,18.97418931111779,7.36775003505581,42.64624419907002,chickpea
20.289392347535696,61.24718577151177,64.45029602886267,24.90641086071193,24.6163056607965,5.509879961868819,68.07247141692956,chickpea
25.564797512620014,86.03754883560066,73.64219566901578,21.60917220005475,19.377312382826123,6.833728515092209,35.586050190252514,chickpea
1.198943594907118,69.23789824773573,81.1404228820994,19.41297416486064,21.40775676657409,7.439824092214541,33.75602863157673,chickpea
26.90408472900505,73.31250657913714,86.04426763132517,19.2400485261317,21.61888547448781,7.17623057929622,67.78456877896093,chickpea
27.329921131585834,74.91524292025282,78.53541720603641,24.082334891351028,20.276707213027127,5.560774119393674,67.23794782027912,chickpea
27.581070041262446,80.29540157331739,66.47025457193152,22.6121982916286,18.332508462195744,6.802465954082984,34.26372121231963,chickpea
26.313812184121442,89.98241177311999,61.44636116581668,24.84021928954922,18.475987567951577,7.241506900674518,61.29541936233094,chickpea
22.68065043946671,82.1534762775398,86.35546683904043,20.828982251557232,17.597364777195626,6.835186771127169,62.31383767765034,chickpea
30.49140539106463,83.93440946575903,73.06749944438799,23.724839513225152,15.322299609076692,6.588978195921699,30.230346419924864,chickpea
12.983433196010811,70.99384604614194,71.88518074827766,22.868270446829037,18.274139113973803,6.397387245245062,39.5017652349731,chickpea
14.930071665173603,66.81808881789455,62.19587771305331,22.224140153669644,21.350340784105178,6.738980692019229,48.5397617520229,chickpea
15.191431207169192,85.90000948715476,75.57245355408654,21.354273143408115,14.282062723870792,6.182495655252312,45.20782475143428,chickpea
15.95291123587602,77.40517107681997,76.00807640180635,22.255335649554112,22.41371587696341,7.125971477432187,58.724923049059775,chickpea
38.22094783819739,60.54697748029085,65.87333957050639,18.052940124846995,21.122221855700634,7.296061097899974,39.739291863051974,chickpea
37.081381791852266,61.80802170868682,88.03308080416542,20.461358810677442,15.115629112941381,6.4717435183726515,40.27106270882032,chickpea
11.394916078476914,69.2186989477886,84.0907769349799,21.774128936726783,17.42438469071604,6.720667566621836,58.64602696892774,chickpea
10.90496002934135,72.40647304576055,63.656582800108424,19.26804544674276,21.49229639361481,5.862876695391254,51.006535346682405,chickpea
28.36185046889731,63.206307692842316,77.01936658886711,19.795939485909546,24.59219562761338,6.467091293439849,62.23970199100633,chickpea
22.00906168625047,61.302375985644574,78.99454126782067,24.6598233954466,20.617730021609642,7.13837771885358,65.36825853393631,chickpea
9.123190877957299,66.3613451972468,78.32942966552974,20.877199288646935,23.238474331533922,7.300046246796022,44.136855172108724,chickpea
9.474822358979281,83.41576545731586,68.24418106644409,23.758300229595747,18.66112079013639,6.835099798582941,33.82141255338673,chickpea
24.95437298706292,73.55303036211687,77.59825389526422,19.176099454214043,22.105611194386004,7.225594155086457,38.669592003631024,chickpea
3.828582220806469,60.709157581390095,79.25914501329798,22.249658252621465,20.01367153985477,5.963894192231951,45.63623983622058,chickpea
23.779053407446924,74.90300576577508,89.63356560644662,18.955078267897132,21.646590094523532,6.308637536208584,47.12798459702459,chickpea
28.70391062632705,80.77308453973109,89.73767981106565,18.898760026178877,15.14520614322583,6.948677634257482,53.13547668025636,chickpea
10.966426662392234,62.3825810696696,62.56974748789292,24.25933612264883,16.11054057190617,6.146743124231041,39.066256089079516,chickpea
14.199852233277493,62.0827152823828,75.5717937272481,18.473287945145504,22.803921586045977,5.967424163820866,51.60047658418043,chickpea
35.20316350245833,79.52632107141582,75.98873359654006,20.27033627180763,17.663021043640178,6.83897391039638,69.7655744488467,chickpea
26.473567593975144,76.73350252110075,81.91951530717739,21.256439285986026,14.661565768608638,6.62459363175582,68.3050113802152,chickpea
7.012117694306386,80.70014672461997,66.0280106597717,21.75079379131157,15.063440946113916,6.40074187251637,60.24653315580984,chickpea
13.902860969559283,79.94735173461655,83.86349882369188,24.490244736356168,16.58106290040999,6.298631831618616,36.0966405332167,chickpea
39.699340086335006,87.81002903772887,76.19871390841679,23.89423306063495,19.730537749992465,6.74717137600552,33.56497728464066,chickpea
30.210816819872317,63.831404509057045,84.78202890757585,23.4741966136927,21.796191675172743,5.572320761049524,42.12513423781314,chickpea
10.524502796433715,70.80409222414558,62.62928240291516,24.55870476121744,20.09182464783614,6.111048621316047,45.879260682971335,chickpea
17.888101620193424,78.01783000081852,75.47038283089493,24.43574381250092,19.466598311964134,7.484316029646625,64.05699830980383,chickpea
8.340420574293432,87.91785643931749,63.490991936564285,23.72214795943834,18.18685622824238,7.255948640890139,64.72226760429801,chickpea
32.23701600470485,83.70091308921184,69.14037417294122,18.566434981358764,18.432781966416776,5.847049029973017,57.79804355609847,chickpea
13.843989061511422,89.26830602579744,79.22916232035996,23.757363945440527,15.457771400160333,7.224028964545245,66.91028762053577,chickpea
19.482476752757435,78.18758813252933,82.94429402708987,19.22387039082289,19.52822684109787,6.297326055544627,35.85495968648996,chickpea
14.701376891661258,62.04516928156481,60.77435720848461,18.94616402408376,24.59426622748091,6.599059071790034,68.6328864461288,chickpea
17.29991513320528,69.35448399255779,75.18425588520732,21.07658182043037,15.162311526879183,6.781652629380412,38.641527300383984,chickpea
24.78351819591318,79.5060327719446,64.56074559385944,18.429447389774676,22.588377446752837,6.41960084753864,32.32655182021903,chickpea
39.794652686790684,61.733416829891,80.85105686575659,24.885752476843894,16.63098114637518,5.784498737374392,34.855397576897154,chickpea
12.131005902703823,63.0313743303194,80.76484025082397,18.43604258691044,19.603643409647688,7.493393707705954,62.558810780240755,chickpea
24.608777529240434,69.18760862359835,78.71687508874916,21.68929024738156,18.686917222794087,5.761420753480399,65.46416860961867,chickpea
17.9913859528529,65.83867535462295,71.03278052631869,20.898908267702488,23.10291685123562,6.967228761122804,60.77219574565359,chickpea
0.44125057714588856,72.48461994539285,74.44032454905971,18.134345937761395,16.857945296195375,7.02057964624427,35.48438822915996,chickpea
21.412405258103668,66.45605616051712,60.3636232393168,19.68841020319679,24.734611304010592,7.103074223765979,68.38306577284133,chickpea
19.5141617570545,63.2920859603251,76.43878466921079,21.180641341919724,23.287927910135778,5.696165161568489,49.529645480871125,chickpea
6.00194658775937,69.7402778067018,82.12071232163399,21.332126905581365,18.13477113660346,6.288952557140071,48.377870736239466,chickpea
31.400661753482275,86.76254066820704,88.66004059511785,23.508323703787067,17.46947585322814,6.876269412173084,47.50412496221568,chickpea
10.186824881842046,85.22614738277768,61.15279046886975,24.312333944947966,19.076252110872076,6.774402953616561,56.37415688823131,chickpea
35.804709628261456,79.10009046501622,78.41800754280186,18.46656428392483,19.702488241397244,5.800338001634083,59.497350748859425,chickpea
20.48887683250698,80.4068333762506,61.25018701807153,18.59354411232062,21.879557268689503,5.644168671997347,32.85026911061034,chickpea
0.484339009395498,88.6950419489844,82.12525078377021,20.472759859514447,17.26189139416421,6.1994064594916996,60.986141247247275,chickpea
26.454824442816577,65.55586703602404,65.22328006002253,18.688769547993783,21.26332991671472,7.028745324443472,40.60185713300016,chickpea
0.8377984412365125,62.46515002429282,89.03580104535092,20.068113442341943,22.46145462621947,6.749327137708527,45.27758558611583,chickpea
8.227490487822205,63.64159254478219,78.450389041166,23.422436464464518,21.082946788952437,6.560604266498316,31.67804893726545,chickpea
38.739551103775355,83.96142574963724,68.78466110102895,24.859792305511952,20.620697485999543,6.6648453164144925,59.922927177181286,chickpea
32.4707915236055,79.69435821994509,63.842872390986,20.36787254196149,24.208920043586545,5.949231223687704,44.88668095350053,chickpea
17.28307531776784,73.18214969083357,78.38818747483576,24.601530864212954,16.647619830157556,5.743002752601836,37.898819594397494,chickpea
35.47699600837078,79.37432437965617,68.57720367717481,23.71162857278032,23.475069959997796,7.193028677380556,66.75706134558217,chickpea
10.089640806934463,82.65125786238835,73.8161849182242,23.89398987023043,22.013397448777745,7.052894892999449,56.24647350724286,chickpea
7.097150778788275,76.35080756690814,89.54009218573525,24.561716465479833,14.474911093767128,5.829629631458874,35.26915093818248,chickpea
29.03919639941182,84.53355989570835,66.40534098932015,21.540968850662804,23.247733308123202,6.965603089532501,51.68948821967393,chickpea
23.613907618350915,75.2508164074884,68.92645353956462,21.955153950013113,21.577738322551,7.246645831721615,55.45165415916992,chickpea
30.44486148172632,64.80214904863719,73.8467242325937,18.06532133878965,16.713467509737853,6.95292343022601,69.67239805397455,chickpea
3.9671239834886363,72.04482947583864,84.00212906097478,19.42824944240229,20.10593444232515,6.96614259205935,54.63941801040716,chickpea
7.520989384616645,70.66153706057219,83.51375353456191,21.879585598924116,14.05752574897204,7.021981520056188,31.412454197609563,chickpea
29.829351309249287,66.07441680495712,88.74220440358141,20.57558525911459,17.59624777971887,5.79777610066489,42.22416861960859,chickpea
35.06603047312802,89.89003012881741,71.04928591520545,21.140274416681798,21.942780320230106,7.272391560930149,53.721773367471364,chickpea
15.661027927113174,72.37865522545871,80.8685443949042,18.022527845229952,20.815482712058248,6.210986020882714,61.76789325108337,chickpea
3.7196255929252864,77.64606800845172,74.42918669658371,22.49627868133659,14.713389539312653,6.659967574856262,52.459383518380946,chickpea
22.426403776646836,78.10462999789365,80.29403811679086,23.634922997765386,16.968027921410357,7.150098820360125,49.93022729053814,chickpea
3.0823311653732466,61.75652787731938,70.02714956088182,23.49427883978027,21.784490282150074,7.077229929344813,50.690762257664375,chickpea
17.60795991821962,64.42357580118852,69.84578260827935,21.038135563217125,14.974604726475789,5.941223905422422,53.92901176254955,chickpea
29.426524569567594,89.95042534178849,87.99339994030673,22.49795639674634,18.633728586234792,6.772354729416465,61.42606472320928,chickpea
4.733447636935493,72.29714669088865,85.19406856906852,20.686830663531307,20.29059498349905,6.675538721724396,37.37905012534557,chickpea
14.489417666091535,70.03533866225797,60.785901255961946,18.169342347239485,23.14866748043351,6.046141619945625,50.72315064955262,chickpea
11.949022943550922,88.22037735346021,67.77890276597321,21.007597689172545,23.60003275533062,7.183867133583617,37.44405671385109,chickpea
32.10573239182842,73.74560660213677,74.48906616256066,18.934359806911605,14.88661665132837,6.95587861394753,49.85844609421199,chickpea
17.474028104607182,81.88524685957191,82.96538696973329,19.112357173685474,20.712476644254053,5.770708164555371,60.05500344116183,chickpea
26.27820625068558,88.69843863250374,62.06874049069263,18.39938304805878,17.1040578216252,6.023411367471812,39.879151962879995,chickpea
36.250183220841464,67.48638599548518,68.15849178385893,23.315787836925747,18.94713826695594,7.053421113910362,32.61464630257541,chickpea
19.502847746935373,61.00840800549848,61.87959610366064,24.345062173410877,15.531699082293546,6.564841364550434,46.443824104028266,chickpea
13.893733050353706,86.99500037061817,60.65470190326469,22.646527803229123,24.597338776349055,6.620336366923684,67.47289848132368,chickpea
2.0903151714409507,72.56379957222484,67.80473372886154,23.115746754865107,24.794267995469713,6.013060124888495,56.16698405896298,chickpea
7.923905310389605,76.95990763714829,73.91797460065008,24.80403730742076,20.69379999966113,6.199012744173638,34.56383139551733,chickpea
6.049873149397382,66.75950789853705,67.52899984020894,23.954312404887965,20.173450671107773,6.546781822748732,34.5907548747687,chickpea
34.4055877339774,81.68442909625452,62.03005085700005,22.95484568060838,19.978920390769105,5.663450691493557,48.33202566114626,chickpea
19.387851485201878,64.97323620489827,88.37094441000846,23.949827600364635,21.359245710620193,6.424591122001214,46.47062166338034,chickpea
26.038938686038165,76.36295608220716,61.86819317645657,21.58751854139232,22.870439789561235,6.418479755193916,32.07826310217074,chickpea
31.451127975361324,66.04091346407924,67.75862504664116,19.15294447402607,17.632365713586474,7.01350301137727,50.77543438015749,chickpea
8.195250966028503,86.33490234456123,86.38745564854588,24.094048975322046,16.62675832519693,6.402478688361976,69.399586245635,chickpea
30.880499052399614,60.81502263676679,61.956137737814764,21.24751963768633,24.001422264477164,6.5774035959054284,49.91250032137161,chickpea
4.218947998265223,79.70340314172881,84.66309481800677,20.662940052552937,22.531730360178603,7.428953307801623,38.15065836510756,chickpea
20.933185247789652,68.61413874253726,83.78563257101519,22.043153561168104,20.980406593053342,7.095828319231789,45.8388189064982,chickpea
36.60360273628173,75.9908660173842,64.73864468506044,21.958991181688024,23.13935215394429,6.133523354135053,55.00127399495635,kidneybeans
36.24573019063065,68.30713462133427,89.50564418145666,16.407115280487584,17.81814101562241,5.868449678476052,56.289639850275464,kidneybeans
26.171702092998473,64.56312849666818,73.20970255105047,21.152980250698022,16.75117676490445,7.264832736814677,53.126123740453735,kidneybeans
20.20827094306553,89.01379845777511,72.53282937825298,24.841103190364976,22.011279989232644,6.7693425465078825,30.808421335352474,kidneybeans
35.27711033218576,72.82469063761846,64.86700217347438,15.12607519975759,21.037801152745445,6.554799244245353,50.17737678292055,kidneybeans
35.610322120712084,62.382197539290885,81.94489471021087,16.87411944097582,23.723593478414475,7.138127027723312,43.92778142449406,kidneybeans
28.40971194493246,69.43050339551245,74.13503696798443,23.216368977104715,20.133386774558925,6.215596530650884,42.297435653760495,kidneybeans
33.12997009748874,70.05624142112617,65.21284779407232,22.120140203307805,23.433803914372735,5.701274957047067,33.395593946458064,kidneybeans
5.678879590439756,70.438242347465,73.51052936716238,22.488263369633064,21.860328263935067,6.741857134956862,37.333123131337906,kidneybeans
33.6579021233904,74.13861502194493,89.37314814045463,21.341421382957368,17.136382674080526,6.8523551241508684,36.378640540109465,kidneybeans
27.453087867443898,62.089234444872176,65.24644311527878,23.557372589057863,18.044616013211634,7.17408225048588,34.774663095904366,kidneybeans
25.715276402348305,80.82451720529494,75.3796425943516,18.053106766967314,17.913799387339864,5.566378709124852,35.638124043425336,kidneybeans
26.12651162125132,88.14914455345448,86.13613446789157,22.660647765353026,23.09602608927969,6.829969806951991,34.1100400148101,kidneybeans
36.28780122823319,80.12196935717502,76.8132189294132,16.109894692134812,20.023499894257828,6.420716542403852,55.25972633329345,kidneybeans
21.865928807511537,71.41201646911229,89.30400985531978,16.107205933263156,19.8029358548075,5.584049350342811,50.89664422684256,kidneybeans
36.72306208796603,68.40111988651468,85.75025030397363,17.92218230461898,24.196931454795237,7.007923807193568,53.171737189450354,kidneybeans
0.72026222401818,88.88431071222078,81.80012976210969,18.047510953861334,23.46455198372962,6.06304239682986,55.54638438481447,kidneybeans
4.503215616477481,81.11057932382387,76.22095429934731,15.965344701954407,18.17704445432955,5.524808072554629,41.406878791257704,kidneybeans
12.050610430400015,77.95072452893277,68.91713423125852,17.99919111506985,22.68873878858443,5.596285671956707,56.60132483171955,kidneybeans
34.09055497564726,80.03414049679219,77.79664710322153,23.923024981396523,17.66797161575843,5.657938324381657,33.382855946833836,kidneybeans
31.783131148007612,61.0401080017945,77.48420505250469,24.9543751619131,23.701264844537853,6.5428913780871785,27.227431825032482,kidneybeans
33.25494057542839,77.96935524531631,63.447989911787005,15.938572848233562,24.18664137492933,6.838400525876157,54.025037976086445,kidneybeans
35.15915601129069,77.15317056144967,75.52339055265124,19.304274103209902,18.852519290120075,6.369191921717423,52.08578795055547,kidneybeans
24.07693724060526,86.77569869864539,73.30140043137563,21.07089578718754,21.6817679778279,6.683394324612651,49.59218205799307,kidneybeans
9.497338734992251,75.37091332637372,63.12674408425043,18.845113276448124,20.389003617591378,6.804448519090945,58.26858684051712,kidneybeans
24.026042661934234,82.3078174852968,75.18798178485608,21.341040313763315,16.63838994520396,6.008783161683694,37.664858262179855,kidneybeans
18.899734200260543,61.36946236507151,64.20072292659952,17.76814307791306,24.743794218109457,6.162694014206101,41.87143703392289,kidneybeans
7.8439085095357175,78.32340213227305,68.42049646547923,17.069925784384267,20.649153656013812,5.511011598320842,25.268241142722886,kidneybeans
8.762752364074311,61.101640875024636,63.24077262392074,18.388606493387517,23.223271116218314,6.644097286738601,42.94337040847458,kidneybeans
11.739552928324866,87.95261158298449,71.91045123711575,15.870927667957716,21.553598645060212,5.727676786953203,37.08280999805922,kidneybeans
20.296477548712353,86.22667574055527,74.80639741020356,22.022587660316642,24.935351550991633,5.762978239795963,34.61560339318318,kidneybeans
15.783043023905856,72.65484535616494,72.33063225796637,24.076110025565548,22.42629380020171,6.715810428181408,35.82804512519738,kidneybeans
32.95161536885179,88.65181534454968,84.6359484765068,15.015651051914729,21.72761233165066,5.602270762884201,34.016252711680266,kidneybeans
2.3809880139108675,78.11386358848164,80.5976974047782,16.144876380659053,19.454549947404814,6.4124730179110845,37.91685576163208,kidneybeans
4.841000019407722,72.56843370562426,82.53534143425254,15.710076645332554,16.721620126737132,6.209542583671968,57.960399906662374,kidneybeans
26.742905868916562,80.36009870017695,70.85759972513594,20.936607912085385,16.09118065624969,6.772192092819084,56.96504316516828,kidneybeans
24.502938733792767,86.21095780399035,81.71919166398281,16.205584164036903,24.122079765572575,5.63288768871155,43.68886153917173,kidneybeans
5.685484951738307,60.35119832192712,72.66102780382917,17.950407076541563,20.374004444178425,6.654399773469102,26.530867530813158,kidneybeans
4.9201318049498255,76.75927189351276,70.29502059517975,22.29173487549448,21.870624837327455,7.191208725979814,49.23724893342289,kidneybeans
17.197243095605927,80.18899867183298,68.26143522766256,18.063134987782128,23.100866439287138,6.392839032803164,52.94331191814234,kidneybeans
32.89689494673114,85.72687012983852,87.49905707523622,19.309852205132962,18.86980136489025,6.664397493188227,37.99103482031697,kidneybeans
24.042966672009317,81.16757587931474,80.6521505547641,18.745528870201213,17.501741815288774,6.361058676924415,29.990795042866807,kidneybeans
35.60388140735233,70.37632382213572,64.63379241669972,15.254477599057509,21.81240147657836,6.773804634909487,36.92114583034521,kidneybeans
2.8684755539060403,72.28886684685696,69.3365248519018,21.771206397350092,21.452013245074212,6.2291874563950795,32.62623939892465,kidneybeans
39.52143864622367,73.62004863588345,80.64822707340711,16.405529675783608,20.37030729693458,5.555073439738931,42.69092912686575,kidneybeans
38.560696284708094,71.52620138957401,61.169880377247345,15.309557909193435,19.491880839521826,5.820049872926388,25.817323371486506,kidneybeans
30.248544558007072,73.75569026645672,68.67734315917963,24.000831830164806,17.04525064180473,7.411837657910638,35.98883510820735,kidneybeans
35.53614689234725,78.08828629438385,84.80122079224462,24.840131632104644,18.59564894036871,7.422270970815186,38.63186632158471,kidneybeans
15.420476189476894,70.21161312763518,76.24222822042756,16.54145043178487,20.9834033682221,6.583409624820008,51.66656344117045,kidneybeans
33.34599847750342,73.21324050937272,69.06999748054481,17.593348973170944,17.751614530343847,5.6152951643980495,36.98567925921497,kidneybeans
10.80990768523133,88.99252157599221,76.73126478750132,18.472770390305076,21.224208408943262,5.778393402691391,40.541531222077104,kidneybeans
25.049372856842552,74.66693495377353,72.05336401962973,24.938483888996984,23.922832859340343,6.74681191631888,44.9282076413799,kidneybeans
24.826419192983362,66.039363234673,71.85413229792955,15.394595328908993,20.27991433738144,6.586049167915326,32.971240763612336,kidneybeans
38.56115388662055,87.28363832811726,81.66429706367717,20.333866287653628,23.829722436829165,5.761304687646926,52.66784279962097,kidneybeans
4.992832558673932,83.82631987648216,68.27302704754071,23.770905810181887,24.49637884442858,5.797591938810231,41.19364617728877,kidneybeans
39.23949512650741,74.5022230791944,85.90642567543635,20.887315221313198,19.377969171276415,6.07156711105174,32.112808188013055,kidneybeans
30.47192765510789,71.59621520469084,75.33826386602253,19.92325480001182,21.195511263098183,7.231154291249105,59.32587702542003,kidneybeans
16.303368342952677,84.82556766318909,82.93583383964153,20.73528951455573,24.604424292507396,5.900949031056806,28.82424736083675,kidneybeans
34.15847867821689,73.17449449901245,85.40906562621181,23.93090205195415,16.562118342571644,7.266929525972121,40.69116693792978,kidneybeans
20.41729956016929,78.7977753327963,87.7914782019026,15.191160944297641,20.291591214860354,6.875444084861122,50.294743519438,kidneybeans
27.70129726148432,64.03305388224365,68.98186765115044,18.587155254170135,23.239934869115544,6.057519744829106,32.37467373535211,kidneybeans
38.29792076152385,60.265898553404064,89.93462567045935,21.768212988573957,23.456223695042056,6.089238792692386,25.5010347183471,kidneybeans
29.514780742461202,85.02433791002028,82.21428395860558,16.428502873008387,22.780851300312722,7.0378455642152815,48.048918048451924,kidneybeans
30.64463731182345,85.37764319033197,78.40812342712375,15.88604713969679,20.3886502870049,5.65529866934321,39.26400608613508,kidneybeans
16.284259565025106,61.98029532420725,70.46461601908437,16.109980987913147,23.274116890083,7.395376051928942,27.53107663402785,kidneybeans
38.20460829166806,75.67729798010235,68.98697033861622,15.768620752761635,20.50561841263376,7.089031088981497,49.748026704334436,kidneybeans
2.0090404585589505,62.18705506103711,72.08619847897911,17.95290494047943,18.091458907504432,6.062008997817427,53.12189601539096,kidneybeans
37.16912214527416,72.153080835827,87.1833300639749,18.21495701247882,20.287932877094125,5.952057995632,47.41666147615454,kidneybeans
39.15924460699236,78.10479288130136,70.73442252340647,21.478174459905283,17.106286106188488,7.277318160530797,42.607938277294274,kidneybeans
17.97398968158568,77.57594365360558,78.74351588368208,15.71775806226513,22.14355499101062,5.983863360631059,49.98834213773064,kidneybeans
32.90139177536787,84.11875522657562,76.57502902223668,20.20169892310751,17.285883652054707,7.050692300806271,34.499328315635005,kidneybeans
19.867816912717863,68.5282227878255,64.0148508899908,21.295576968917366,16.488988313406136,6.9972904682524,36.11553783413908,kidneybeans
0.005387720179412803,75.3338741771169,61.40555725582809,17.761695578208993,22.362788387101446,5.6253792432437315,54.37684723246008,kidneybeans
0.15279690634332432,67.40471607605707,82.22712168456215,18.162701497293067,16.917031492594123,6.2204678376008555,34.46376502345839,kidneybeans
33.708476086422195,69.40043752755429,83.66797415328021,23.91872144810735,19.904356776188767,7.319886287708784,38.20613188871175,kidneybeans
38.563136659604325,62.67868573576719,80.61057799509729,19.93814040456929,19.488839249100824,6.765423757497202,49.63499820720159,kidneybeans
0.1745307860123635,65.00859266241596,81.39138151902957,21.663854135782064,24.694427546158096,7.022075580501566,58.27704477059683,kidneybeans
28.10162006139228,68.94156625918329,63.1609476675257,22.818238633449354,21.797342993283245,5.596372024786593,37.601766306534245,kidneybeans
38.271992619371446,75.01203437130604,72.98187408059114,19.57699605159294,17.879944516046475,6.237414341729591,37.94346395955118,kidneybeans
2.094200807498896,83.02702885553755,72.49513295711637,23.221798868164235,23.65313201007906,5.923988109397316,48.007371875954505,kidneybeans
18.89127216651927,86.40470213764455,66.47222037529363,21.778132003100442,21.469769100274505,6.090602955143666,29.78103162779104,kidneybeans
26.065590419091063,82.15792374396992,69.4688203129005,21.448326040223137,19.55617816850353,6.926413766565235,31.972534621291857,kidneybeans
35.608600105446975,68.6222878939674,71.03357963268459,15.580919520803498,17.003609910891488,6.531723805424656,34.365743685479,kidneybeans
33.41920902968778,60.44080165964861,71.3728214601581,18.373455467690928,16.17394867825841,5.748736798001021,39.47749362215224,kidneybeans
19.714583377897867,72.12869241764608,75.92813035236281,20.951316749056815,16.08931439015052,6.428190318907008,58.72247343106559,kidneybeans
20.761291205181948,80.32626802376859,69.35591573750649,22.739913781527626,22.956293336885036,6.542592095308278,59.160483814772476,kidneybeans
5.022008590506135,60.50842994668743,83.10474635271288,23.071555373648827,17.081865062085186,6.031165665917213,25.614332717832013,kidneybeans
11.732344431222588,83.19425621756014,75.53881583137736,18.48095593168288,19.345653654156973,5.5027072514309365,35.493018464783255,kidneybeans
25.85834966551722,89.22583331449071,85.41182480951699,15.23594964645529,24.087045442073553,7.066396826597252,52.313164324984314,kidneybeans
18.31983036014286,71.94015878863509,69.08747186499578,15.656948589543658,18.054118271443294,5.9932072699560495,41.94269743985706,kidneybeans
29.897776263867758,74.2142948519384,61.73533348341482,24.57789800988204,24.48451887184701,7.070379086296817,59.69647655474772,kidneybeans
21.779293312010516,88.88305050759618,62.268151218502524,18.656807482613715,18.028431412060893,5.89166616826854,29.928103211243663,kidneybeans
24.896545662639866,83.43965567241915,77.34895198261083,16.469627095882096,23.30011392940124,6.771909414327457,38.585799714444846,kidneybeans
26.96521182144252,67.79714937728498,70.35576625482632,24.174858431319905,18.614540551042783,6.439976536315873,56.15493980886051,kidneybeans
28.308854010701097,61.866096784941085,64.4190913283691,15.078415907719169,21.67829611206247,6.395346850820837,29.699619781579642,kidneybeans
38.31736484227082,75.8897917183686,67.25679882338667,20.006035711547074,22.11658299461597,5.652478435947129,34.614633526676215,kidneybeans
32.278619635359746,73.78994611207983,76.39731426096884,19.328160022094693,16.395099483787046,5.831499559640312,40.59395735596618,kidneybeans
8.367418616317114,61.49937085979036,85.30948992155471,24.81192529164116,23.138285865970655,7.207569843409334,33.46919956109659,kidneybeans
38.42507902052799,65.90777113360285,88.54289431085496,24.94819293965951,22.405505251714438,7.462287463583644,44.933892284848625,kidneybeans
10.381671327043613,73.10987656996863,77.80682806136357,15.73081562027015,21.601089381555216,7.4623556735245895,31.653767742430468,kidneybeans
31.703804651535332,87.23696381338858,88.31104778460663,29.521627252865365,55.64378916164416,6.954615815983008,90.29240828537755,pigeonpeas
6.466857449478476,74.3070031940391,81.54993526116012,20.968083789829,59.218455506466626,6.333200958093238,66.50798975234264,pigeonpeas
22.603412498110252,83.14880732935823,74.96686993607825,18.145237401313288,40.27115407237876,5.714058687940025,97.04776273727128,pigeonpeas
9.147071184144352,79.03091066615062,66.66227612079962,21.860039875914584,65.44126268804452,6.457722884539894,63.81597109252843,pigeonpeas
17.148080839457343,60.87509290935793,74.42670439809027,25.949208140412818,43.555078707944546,5.577769877818332,75.91346502008628,pigeonpeas
36.78124098624199,89.79765046268892,61.347338969868474,27.132095081944705,51.15172199207029,5.7849163724589605,90.17059893388091,pigeonpeas
36.73705728581635,88.52785783507645,77.31367758114962,22.285453911606034,63.62647257576337,5.5020027665246,82.56296115334071,pigeonpeas
14.343138460994926,79.69893221123628,67.21196738680521,20.29911534881791,67.54717260026311,5.203607365899074,80.23831630939726,pigeonpeas
8.834111318520357,61.16789889977002,61.08056454874279,20.10266126526993,66.00311063518001,5.564957487954054,98.01836682301183,pigeonpeas
23.264891719567743,73.09842569306298,77.40266504008363,24.200380622715215,62.76328761271975,5.564992131945704,74.1220156640121,pigeonpeas
35.76377210133003,88.39369539451216,86.77674682459423,23.03337592748776,63.410965090206446,5.952671466602197,79.9015940858441,pigeonpeas
8.187204362291357,77.73390909775549,65.58407693260044,21.978776388806324,65.65090604859805,5.414151618421711,62.84633140693731,pigeonpeas
2.760303704512652,88.22353561509324,75.20761313885504,22.91294486180422,64.32635743023755,6.6716518558210325,73.28764132462419,pigeonpeas
27.74472229895181,83.1336844755566,79.63952060597863,19.819140897601194,66.27649250551171,6.078189105472017,71.29889705480015,pigeonpeas
17.009127417507756,61.12713271196722,63.83600403667253,27.18656100619033,40.000349042660986,5.833131656964584,80.90040724342353,pigeonpeas
2.185376800038892,89.19234488916999,66.78375993749016,21.65038463563537,49.118275367650824,5.4608333242347,60.058952883452456,pigeonpeas
29.173791763519855,89.00536499397856,66.72880449855136,25.956566301641068,62.25688980876146,6.69685075818105,76.90516788054437,pigeonpeas
12.11723622561717,69.75885402069093,81.37863999295539,27.80135359806763,45.448419032698084,5.741882016315531,96.077607869966,pigeonpeas
32.26774078778957,89.54575208287427,82.62744779046243,22.71834241233507,57.71913501983913,6.322028508494641,63.138232652684955,pigeonpeas
21.779878364154605,81.27962485417828,65.01963912003181,27.367580609106685,57.51318341542335,6.9044435713951895,61.69689192827567,pigeonpeas
10.613045502218679,78.04661637899471,68.89679736617792,26.57308996885491,62.77015847565793,5.205031928132949,80.55417856827071,pigeonpeas
20.355622223642236,71.07842310646623,87.98774587709016,27.930075838478654,60.9162814572891,6.4286532714699955,78.46864575252476,pigeonpeas
36.83978084386303,80.83786281759856,81.8694318496745,28.340290845448145,48.22214768026573,6.6141418077334055,67.80962411825968,pigeonpeas
13.813678089795513,70.06831362809528,89.35576405167421,28.278446684975123,61.035095847707794,6.45411352323078,82.48291177610284,pigeonpeas
37.88362668434076,74.88776258647084,71.41553129609683,19.95642404317909,63.58616956783174,6.468887864151183,75.3742015409654,pigeonpeas
1.0077365583691744,85.16991983154033,60.342539503622206,26.44439735554861,69.1077132917817,5.875322656296407,69.39893619983812,pigeonpeas
28.19484040173527,84.51384426046755,76.39290948233543,29.604423303073755,41.550061649738836,6.0095911966090565,88.738157892902,pigeonpeas
34.505618845967156,65.3776683572337,84.00010445291045,24.632484908622544,51.8966104596989,5.263430057158187,94.6118303563565,pigeonpeas
6.290928327188614,69.29363577627298,68.70136595887311,28.45696841029025,60.18108982626694,6.593362794382744,70.01871595169996,pigeonpeas
24.994963984279956,77.15237949431246,84.98491130364813,28.873044725775127,40.3647031443216,6.348039838117585,62.07343196478916,pigeonpeas
21.954346603094237,68.62898187131034,69.20329798566424,22.23550204142828,58.63877347148831,5.668099931337538,89.30796202361122,pigeonpeas
16.181095422954787,62.05059600929876,83.51279527452321,21.429099895112472,52.98300638797788,6.370887766443803,73.29824628594848,pigeonpeas
2.263426245868625,71.21763141038441,88.33345748082911,25.700812767582697,60.14437446001621,6.26456430727528,67.95968555837747,pigeonpeas
16.733354564091204,82.52819395089955,63.041186926594776,21.334233313076545,48.289573253975604,5.864037855189012,99.2147496376874,pigeonpeas
2.7001018673528776,75.56102983141786,65.38094046036632,29.64811854491693,43.399105141823924,5.807202004723182,89.51539939338424,pigeonpeas
28.182177121097812,72.68185910681797,70.39572503858155,22.77134854263445,47.92828789475918,5.410665877413599,79.3215879023556,pigeonpeas
10.741350242704293,68.6238499469175,79.70268190423671,29.622447980398707,58.10911601678126,5.153958934129933,63.023344554162676,pigeonpeas
38.05692883382264,68.91872370922,62.76200958247426,25.188535045804578,58.709463348707985,6.297009640237376,70.69608111430165,pigeonpeas
0.6044273685790014,88.95046108363415,67.52679137073308,26.11231545663057,61.19889609636129,6.220014834158971,72.51629576854593,pigeonpeas
10.84385015056263,77.93004848108109,85.98286900835075,29.36080474708075,43.177174132112725,5.30965722519544,97.78945035132318,pigeonpeas
29.461409133391705,86.4898147448932,66.07897902406029,25.051030453312823,61.03418783252421,6.3602237708939455,76.32606763466792,pigeonpeas
0.6157956676523391,77.4877817041279,67.59304617538827,23.403050953714683,68.72743045251451,5.798070635284869,93.59206426657707,pigeonpeas
7.541624229970045,80.17381494075087,89.3102086331683,19.222717210475242,40.24959826681576,5.867165585265228,63.70501932205469,pigeonpeas
29.935373987049253,87.43645991545677,73.02062918126276,21.104539705865292,53.03209957019829,6.4468956357000025,60.36216646321484,pigeonpeas
23.578159579387886,78.39875054662137,79.13064740687807,20.904264959770526,61.421581701343804,5.182782972663553,67.97081345867203,pigeonpeas
35.09880186617928,82.16169452179699,60.41236662034036,20.980515124437602,46.43219448979494,5.541612656073945,69.90239081119546,pigeonpeas
2.5010518297138296,73.7682154979046,81.98200424358495,25.280780696609238,60.18615005794239,5.162298357072478,98.05962840707149,pigeonpeas
33.53967335372099,84.15270955486989,84.68951415125302,29.192526097593138,56.32761898341093,5.400564035735252,84.67134431410165,pigeonpeas
29.71525974671756,82.13752180062076,75.64347072500641,18.821504632002938,51.133388152903834,6.841533216926715,83.37795639029704,pigeonpeas
21.533277730228537,68.0656054314658,71.05346759749736,28.74415306983803,59.993891425805074,6.574774053504665,78.17381692270621,pigeonpeas
25.209888778246317,67.45150826229623,81.16382490850458,23.13121600444005,53.27636544444237,6.298644649153763,97.45122485875706,pigeonpeas
2.560253864344837,84.74229712041023,68.77149331236579,23.327033454076535,40.65739986325027,5.602092155668626,80.10524970520521,pigeonpeas
2.2470430938975605,74.73287188149496,87.81331886575282,19.264718617293664,62.93322184226513,5.819342106751986,86.20694858097352,pigeonpeas
10.409463919409173,64.78476787624075,64.81387842813679,18.845903347717737,45.56940114703729,6.328438769977937,95.26762447374031,pigeonpeas
32.56502742364647,80.55402929623452,63.31295590233308,21.4702493555514,49.29420625967407,5.4999138927952425,80.60022638838893,pigeonpeas
21.4221525951869,70.7065792551333,70.61367476209308,27.942667174872977,63.67878544959056,5.615591663361491,96.55153775493037,pigeonpeas
38.11260068010024,69.80227626090122,70.63274846379164,24.067609841063508,68.2336243760102,6.752638866284623,64.1027185033436,pigeonpeas
15.709229730856649,76.60113569249316,75.0939741765462,20.32635681524271,65.76450313504463,6.3538815659936745,93.51633499407214,pigeonpeas
34.350571173978885,82.4506756099722,73.17631803749151,25.326561060185092,44.810962183592295,6.347290834949815,67.17013022957123,pigeonpeas
27.75798362040627,66.88794482261906,63.5265390045066,19.98341388171549,40.05976405657211,6.437479235707061,89.29604196233517,pigeonpeas
20.597333996530377,64.84088403166152,62.50663012532069,18.229547597247443,44.97244530895662,6.781711069966294,69.66147366806727,pigeonpeas
14.170853088688627,63.16036453443999,66.6708391424451,24.23069484936246,58.23258049286957,5.490704628332422,62.30928636900469,pigeonpeas
15.641314765095945,67.02610112779003,66.58661769689405,29.518353632561464,58.48901457777173,6.113756886344191,76.63100414093287,pigeonpeas
17.15777333720577,76.22715011514242,80.89289421108322,26.425753154181955,45.15081723116349,6.000225504153254,76.47832380136407,pigeonpeas
34.82107865077537,78.94256763655129,75.97512199247946,19.38473570614701,58.16913667970235,5.234407811360467,73.48826302263008,pigeonpeas
5.713678592573275,80.76220941073106,66.18756341508458,22.70231247825631,66.87024332856336,5.408632766797941,80.31220255835116,pigeonpeas
16.77086644664088,60.54372123137189,83.78274340718438,18.828550875775196,54.227650629308606,6.1213565898779,85.13705826458349,pigeonpeas
27.545265172315023,67.59817150568145,60.29936329975348,26.681323948258942,56.06969798042736,6.672235406414497,92.85553451602777,pigeonpeas
33.73304671151533,74.5528397993862,70.00885187510598,27.49869843109644,53.538823390877646,5.366884392806869,94.19896078245898,pigeonpeas
35.302395070893894,73.98929268420511,62.27099181929363,22.653913079003175,64.1061297838781,6.803548057092457,68.13890969990383,pigeonpeas
2.678944481010861,86.32051359398517,71.68214816936626,24.50113157121076,69.04197436152276,5.1331294558284455,85.93272029808382,pigeonpeas
2.964216902994683,71.26406785399502,84.1144363558034,23.201666793067613,69.91547061708852,6.118118569893205,72.84648610543815,pigeonpeas
8.804453036190125,70.51561602858486,71.17599821278652,18.82456413268753,51.0872259828032,5.92847703947845,88.90951008955219,pigeonpeas
26.26917938886432,81.26296965687463,60.25091045630571,20.61200879496643,59.850528651995695,5.967978736359495,60.212539026733836,pigeonpeas
32.17978569727289,83.18428719871012,76.45257488980688,18.797559909315265,62.99545148597754,6.167427175462728,91.27839908631836,pigeonpeas
30.069879695833617,84.09006215873512,75.54024199213875,19.68389421832218,60.13472420139066,6.240947570103941,89.69012748796348,pigeonpeas
6.795240242029412,65.84925599700868,86.71228551657985,26.99973358142485,67.24685466100969,6.517430642327842,83.88621223961208,pigeonpeas
26.165309481114946,86.6738377182003,77.36420263535821,25.58869589194065,44.69430148010802,5.947842440232206,88.65588447832396,pigeonpeas
10.837707932654617,66.06762541573605,69.41480424673247,20.898007535914,46.44737911109188,5.849701685736174,96.31354055534136,pigeonpeas
20.282385869548733,65.63761142445969,62.309150081426225,26.353873741655104,51.48396293309163,6.6436618931707185,86.3804307456308,pigeonpeas
31.84965802165474,68.15838118255346,80.77076767383174,21.168743816324625,68.17205438350875,6.272748563066749,72.98047200701369,pigeonpeas
10.780474491690907,65.7277975521493,80.83922876681183,20.624587355975127,57.859097977824675,5.5292700538507145,86.47875779175475,pigeonpeas
32.59758914162157,83.3407572943396,82.82553992792344,20.252668868307026,42.651548409535565,6.397897656974771,74.73388855177406,pigeonpeas
17.293849056133894,60.93447278380173,67.78729347825147,18.40411684649357,66.37557317803743,5.486793366437061,82.29348678292033,pigeonpeas
1.5591728264452165,80.00542173916975,69.69082037262282,28.77503024349199,66.64354566802108,5.650581236723496,96.03843582761871,pigeonpeas
39.846306939951155,84.76246992371844,85.34614043265687,20.98810483330908,57.30107196573269,5.134511827934736,63.79671747286679,pigeonpeas
39.95570448133162,69.79917748277732,82.44551736146539,27.679980636321798,65.74069813021688,6.995256594804313,69.65985941027472,pigeonpeas
1.6140330743879883,72.33574553983757,63.90242009486841,18.269110669944663,50.812804814244586,6.567476502150473,82.64722764900284,pigeonpeas
12.511119568414163,79.63026016478159,66.96054540926433,18.17257735286502,62.93060159309282,6.247486169728019,90.49210498003839,pigeonpeas
1.5575206675066244,85.11358883491957,78.5857860010891,24.76074420855168,58.738421443435946,6.728866493736728,83.47746026235629,pigeonpeas
23.238015195527172,89.72037471197297,82.70190501205704,23.30752566541362,61.22191000098783,5.7784609433835765,69.15501849933996,pigeonpeas
23.874075075510376,87.84546294341854,87.87418560046387,22.102863337265884,55.83032398665085,5.423271797139723,99.82524437995534,pigeonpeas
39.24471631471743,79.48526789122342,84.1324217903242,26.5812019354044,57.79474657118405,5.106695993977795,78.19057370210643,pigeonpeas
26.99145208669642,80.32594841651054,71.19367855267151,29.300303839896365,45.020710967103426,6.000718892431121,87.6353590620329,pigeonpeas
27.88543223567237,79.45916870306446,68.2586464035558,19.874478824239464,59.078209804801325,6.198604232278876,67.17424041156964,pigeonpeas
28.205565822822535,73.6551597520097,80.03281774809459,28.048404957241807,45.09185285730769,5.038289735993674,91.16410345583148,pigeonpeas
24.387897006104637,80.98918708866366,85.14464924965928,27.633731217894006,68.82760440786474,6.071870157704236,79.53982530639621,pigeonpeas
16.075487995629203,64.61073128532614,77.17821698646067,21.324150291911746,67.63922536638927,6.166381608554195,83.7136072203244,pigeonpeas
14.196986435080401,61.55968055933123,60.95231296118966,23.08002172983837,42.53696134291714,6.213693911080278,95.2389202255863,pigeonpeas
35.31659266074889,79.77136230396697,66.33695494418794,28.355961976306464,66.58280305939624,5.393307169905917,89.49704343082709,pigeonpeas
11.460781957084919,54.07920937058789,59.91713699710808,24.240208042635143,57.94731731581864,5.367891600795974,58.93530476659285,mothbeans
18.600380701057105,55.42163791714121,31.871822057948318,26.682232400626365,41.3403307550242,6.426029400437212,52.67895629087347,mothbeans
34.10189684983882,58.13895694301682,32.55310458359356,27.084780740106666,41.42069778088004,4.132379304650086,29.174631081506895,mothbeans
18.764288441903147,38.05686502360928,33.029343204532836,25.33992871275286,42.945511271041816,6.419230393736894,50.37170027673895,mothbeans
38.71045861078248,43.19221459523726,38.3510544498797,30.386345577673495,46.52507836082294,4.3981501211160445,29.300239688313248,mothbeans
5.187159128969414,37.69389183050298,40.65959245421663,29.391953665165843,41.25129684438903,4.131520818996028,52.360945611667056,mothbeans
5.8768769433508306,40.27935439567565,55.939767655744205,25.23940248914754,41.6547367123638,4.9536139852400325,32.096780451141456,mothbeans
22.536334579354165,54.11414671450426,34.114454644582295,28.64559267643428,50.110175207797276,3.9322363580395985,44.9599394211593,mothbeans
10.945616714430866,44.635029556320376,32.46816972831186,27.676672457708985,46.129269360856405,5.967143633556063,22.27914907989473,mothbeans
16.7442909967332,43.752942723943136,51.75018228897356,28.594300600721688,53.34424674388362,5.831147856955268,54.48811894632755,mothbeans
12.555019868898821,46.14068116091709,55.203242353175995,31.91560904772045,57.79038622087526,4.61440178787313,27.806660688746017,mothbeans
19.575701496263548,52.249243555081264,44.77707212259892,27.865446906509348,56.76460842163601,4.584211337201559,54.391786992465825,mothbeans
16.272192038068944,39.84699317035018,43.61969733599097,30.09957566939895,42.520040557279884,4.089257647616052,58.057793026523676,mothbeans
7.019665095254295,47.03181953793164,47.379433999858136,27.91699569640196,52.89490497153637,4.189480177392856,42.106490711069924,mothbeans
14.886930209875885,49.850017788875675,34.23670630119449,28.56701933471581,43.705407107666474,4.3359291893451095,28.748392012943327,mothbeans
7.313511194752684,54.77132854682001,38.57122702982671,31.416990254915596,59.39853050690382,5.213781409811292,25.720044906629056,mothbeans
14.98192973518325,53.93196790044642,41.021721860912116,24.69613774642231,51.13569821856376,6.035362554488104,51.837055485740095,mothbeans
7.0049256052141295,50.182938432374,36.615127903069414,25.74566027641738,57.481435466103704,4.249006858220691,30.52989386072045,mothbeans
0.026135630451982195,56.12007102376553,53.77784439627404,29.018631480725425,55.00531527877685,3.956145702273475,38.33294378350302,mothbeans
14.048775493951236,32.813295787710494,44.58391455644772,31.365917202741084,40.80118238101389,4.374382740481382,28.30163744822814,mothbeans
9.525866146627852,57.25303655638126,44.042071627028704,27.73039530351855,55.211512849105645,3.9634766120147775,39.49061416400203,mothbeans
17.19940856484239,47.90732071639968,59.98673109751316,30.155591152656378,47.957314060348544,5.982659156822141,26.828334532499206,mothbeans
1.218547452358405,36.133451173928194,40.21234668342779,28.08464605967648,52.30258281082399,6.231817151643265,40.394160382018306,mothbeans
20.051025785029175,31.507290294689465,31.047346579686714,28.409279695330977,48.76357226496689,6.017541184940896,26.427183388473807,mothbeans
0.9988664846819839,43.47116303790378,37.124356702567724,24.396914986710698,54.49196573695258,3.8347789998717423,44.33278000031087,mothbeans
11.241990006675566,35.20488151065066,41.39254568757953,30.41156620978363,47.84187153809145,5.752308947633168,25.019451871966027,mothbeans
30.910856786603166,37.10799974719946,50.32179389666618,28.526252438727973,58.58289434423375,4.661967553925942,22.646607553377617,mothbeans
0.7662194220501162,54.8057568291826,45.74206912984297,30.201952414679596,44.68851200023029,4.535251236539701,21.204154888452756,mothbeans
38.459692982964484,50.0360372010244,57.996152632779186,26.12397125943258,52.22927222451322,5.535499904877914,32.70198801030354,mothbeans
33.9243694006252,58.414843887007436,56.54565353088013,29.91253580751498,45.54929359449908,4.344848126316895,58.53441281784151,mothbeans
0.41137983742768114,51.481499197264334,51.187384876657866,28.981516327598378,59.80217692173731,4.435638307291176,33.59887455172993,mothbeans
3.157576117862222,43.283944096312126,37.83145578704544,26.747093617421154,56.691435805112555,6.306453540582487,27.429322880207426,mothbeans
14.900357262138634,57.85891686346182,31.85425382067668,24.738884224891027,43.25581978412459,5.285638502380625,26.018890840239898,mothbeans
38.72305525802934,43.40143581775561,45.04553881050499,25.973268926443254,49.41920504869467,5.485740897911034,50.04708547816171,mothbeans
30.15472330839652,47.33673338082265,57.13079324981572,30.539262778448876,55.14096229397251,3.666816565041382,20.27511848878597,mothbeans
8.497891087818918,49.90570781740357,42.33592466647637,27.219250074394495,57.691737764592276,6.186688544395516,56.36701056214343,mothbeans
12.555123060601092,50.73167438217786,38.14899543823109,25.524878664595597,43.69264914694738,4.526322862590782,37.19830479119287,mothbeans
33.23796684220274,33.596732804181364,52.04777542184682,28.251639313514442,45.758906853519846,4.978458753598474,31.997682791080905,mothbeans
23.84327820953224,43.01531768565732,34.93216587236636,24.932664596445573,50.9339136414426,6.2072390998583105,33.75830746230742,mothbeans
29.32000428890493,49.759840648193006,57.946647429284425,30.567848138393128,51.33210517810926,5.471091494702322,55.935458663361395,mothbeans
15.980751383477392,39.803841175733325,30.32433250905589,30.612408593531715,56.01961400806729,3.8133635543004543,43.07429524530801,mothbeans
18.559267926675496,33.561272865273345,59.417046811821706,25.717567099706844,41.34468360181123,5.284542138505729,49.554667085321306,mothbeans
1.2977378418874785,49.761529161810664,45.96875627854364,24.82612007100039,43.45047753892724,5.203922891948242,31.854304540531537,mothbeans
37.53262914605264,54.56220688452152,59.50701619540989,26.07736671160331,59.39447265595954,4.793701609374674,33.90075181255018,mothbeans
2.0139810787741297,31.582957735788078,50.76033767839964,27.663431955472223,44.530432520722115,5.341910918975698,30.114324730004448,mothbeans
23.105270173776905,40.77626240948071,54.70656679835457,30.565569286134235,49.54700796244803,4.552457328005047,34.50239186236378,mothbeans
32.22858102672872,39.845384483928356,36.27178121120538,24.677506735002453,49.33386241768817,4.946396296759525,53.636348416116284,mothbeans
8.849547857842559,41.429738210051994,54.25217216681072,30.58898888599179,47.69222151957536,4.8773720698600425,32.13143563397132,mothbeans
37.30219513677248,33.55931297224741,58.0124826900441,29.470931614682748,50.63144305373463,3.5979771823534876,39.023847672880336,mothbeans
16.309924200109293,34.83656435925368,49.692288105019706,31.769207258946288,51.2437762212905,5.644259829331837,22.738018102640673,mothbeans
16.70667983267979,33.490754554934874,48.383875066095314,31.507857265713238,53.23555464943277,3.7304091449432644,34.186648199403315,mothbeans
22.02653517763406,42.09623268399757,55.00932031425517,30.517368037679915,52.23662040206443,4.620373835398116,30.213454950529766,mothbeans
4.234972728525173,40.646930504596625,42.39517551623159,29.406583400832588,53.163196485951474,3.7103244189237707,35.810372617246315,mothbeans
7.271154688694477,34.70438115950417,54.81906449211738,24.335321733730062,48.383657518042426,4.004610967299555,55.17320862713896,mothbeans
22.281620531001405,36.94141909130544,45.07281861499129,29.851890877624925,59.162360178388674,4.161338012736257,55.44727088517381,mothbeans
37.37216456669961,57.49261633596198,49.062430705857295,29.038565235477662,48.06421266367646,5.757193646911364,41.251760734037276,mothbeans
27.097522849131778,42.853737115463865,51.94489392129417,30.59577214083639,42.92872513205632,5.998789146722684,41.61186127161229,mothbeans
33.78663636360897,42.93905119023044,41.37121456149105,31.32048586013778,45.02338535096803,6.032636975858429,39.360822900376164,mothbeans
20.56381770205039,39.25404844468452,47.191266018570474,26.60168957020969,40.78538828483305,4.315995816033068,20.255161736263627,mothbeans
39.13419148227427,58.97241629459242,41.85465892416915,29.82696683471717,46.9161219682085,5.513279471257928,52.21720172183916,mothbeans
37.87024978768963,42.00636827549016,53.49893948868143,26.12742760505695,59.80664607587296,3.577308796293053,44.141152260044834,mothbeans
26.380239266053085,50.64136671222386,33.61162736367267,31.508238267785043,43.62366558100165,5.368260209719523,28.907043164923397,mothbeans
12.288656680850835,46.393756251843726,42.515802556937295,25.28180480781205,43.418728048416966,4.754434364488398,50.29131913102003,mothbeans
35.91858587391154,32.52382986778149,41.79311722678203,24.801964509783012,40.33184961265196,5.48515604793187,44.09797767866351,mothbeans
6.520764552595448,37.014384992791925,30.71123260933555,30.67957764555523,59.49381192097103,3.9063786103840723,29.259008550611924,mothbeans
34.73638095787736,57.79391393868555,42.58882148420431,24.404979778152594,40.78783667385639,5.221849598207031,35.71580435572716,mothbeans
1.1460971031061806,47.497571769376705,30.339076097670674,30.298975665194185,46.12865645406743,3.6207740090276963,43.53408883932613,mothbeans
15.907376577322188,59.21401240071448,46.32595987511107,26.201913448296068,54.1887772926795,4.314476007628134,56.1697316563026,mothbeans
14.988878820295056,46.49605688328616,31.517193114726865,27.408969903617844,56.6472707932199,5.916946416090026,28.97274235414105,mothbeans
9.043162840422507,54.519159366397105,57.91195260507976,24.76288737018403,49.00117278852451,4.512362836892687,54.827538218297576,mothbeans
3.3409965872007508,36.33377827674112,52.57405012759483,24.410350791849723,49.85070761428578,4.82632110403916,33.37604715954995,mothbeans
15.782892612756951,45.898217607906986,34.84102075165149,28.575967026268742,56.10864658599972,5.7804827893704775,26.155996187750947,mothbeans
5.969978789658956,38.0452310323474,40.832241790231116,27.26764465126786,53.59394433666691,3.670041296497506,21.386908169042655,mothbeans
15.676422517756361,50.914910764139414,35.803060288694475,29.132035850050013,45.19656275880599,6.158258326440549,55.82759777066466,mothbeans
11.891488171253059,36.899812618897215,42.339119161986936,25.92425268144119,53.44767686583407,5.978194053644857,46.92368523644868,mothbeans
32.97401788997398,41.90976486622422,34.68950912126583,29.903607579180736,47.209490102831076,5.513812475687398,30.825757679270627,mothbeans
3.2491853922669067,59.7774538646329,34.68604523791798,31.907367951707847,59.545598651328945,5.881454311724119,46.3769184832799,mothbeans
23.112282010043387,55.98304636133504,38.68318564858464,27.741449699879016,52.387799387330034,4.7335714276084735,37.09945816361072,mothbeans
13.211386700083377,46.926954500536084,55.51723584045348,25.612227024050505,58.688660775068826,5.567262961244689,52.93092850720121,mothbeans
22.247627705200465,53.385501042721906,30.486011920184016,30.547043398236283,40.80277718170733,6.169740129088588,59.67850988954573,mothbeans
11.762698487071113,36.30955668857381,52.96090091574122,26.024210727362025,57.31124766344407,3.80852777647243,25.03820785517433,mothbeans
39.16606220402463,50.21516694810014,55.406616732868585,26.594635018812145,53.52967499041209,5.282725481925792,44.12600480491788,mothbeans
27.301298381508865,47.26077519387296,42.87187107907998,26.207381555044375,55.37162661826404,4.178817290009558,47.694172246176564,mothbeans
9.333312905973067,48.75990509863362,52.41234801387087,25.749711111252314,41.198866017226166,3.892921228982522,44.23987869084102,mothbeans
33.97785624902942,31.349904637062732,52.024537771249385,26.730549167600415,49.57056739839045,6.286578649536697,33.278860189433814,mothbeans
18.61347735757944,30.410472442820435,32.44796160014515,26.06873272907827,40.55704481642149,5.3941259781447535,37.0559342720649,mothbeans
21.92580810912088,35.23941557688988,38.87796088309848,29.3105957988218,59.306054472608,3.6512503208066276,55.615372834210646,mothbeans
23.075248052448337,46.91758700266871,45.00835605623281,24.555152687233466,41.79753703472321,5.302736016977258,33.63834285742233,mothbeans
36.69072266310722,42.197716120784165,34.298443761079234,29.717750668016286,45.8670684288202,5.07641092206768,47.9133114202068,mothbeans
36.01056444808282,53.76573584405028,50.290832036181726,29.437065459161147,58.91849288064173,4.387472292489608,20.044483767847495,mothbeans
10.878182375927947,36.53674138880232,49.85503755341995,29.069692798124233,51.86922765409447,3.548730329628361,49.1511221780259,mothbeans
12.94121649941966,49.95167967019893,46.6973528550646,26.741847403423257,42.69152534208216,3.7832566929814426,53.26073332448894,mothbeans
36.73590168326232,49.493641402928986,33.1030234458145,27.216217735105925,54.57878400210315,5.839462652030204,24.728744891643544,mothbeans
0.0012287538152966349,51.36411137641815,40.69788527958617,26.03585065294608,40.25794939579051,5.120898220284499,54.04602941703927,mothbeans
38.30526585090352,46.972348518398675,45.433839832196824,24.68045108391393,50.977456030852,4.639937236896184,44.285411235343076,mothbeans
15.549053915061869,37.208973703511006,32.8489582568513,26.519347556711168,41.93289668575505,4.030690852471952,59.49344634318184,mothbeans
17.764142276264746,45.9561529951505,56.20855586211646,31.964551203925502,51.65428898689363,5.937421463132515,33.07764097346701,mothbeans
12.229758297891644,42.081111629836805,50.17521788020947,29.45753351404079,46.304788692989014,3.8996297724098863,45.29585025862034,mothbeans
5.133034487550581,47.3547752468799,50.80266384168927,29.604891971155613,55.069442213191934,6.1185782646969935,39.99835967859154,mothbeans
29.20996758118285,48.5751820609751,35.59919819393048,24.205517158955267,45.690827713538674,4.829101119012858,44.68423777714625,mothbeans
33.998373220128215,35.88737150118497,33.76649369695431,34.634799474743275,81.08044559376407,6.717736605160784,83.42254915173207,mungbean
21.65497683629753,32.5809647109883,31.71080742010858,26.054834274610357,85.85587683872612,6.8165173314514815,69.34963168146977,mungbean
25.510965673823662,54.60202506166948,31.24736879539781,29.981299435480423,86.89310412102691,6.37846789060453,72.31083621172596,mungbean
24.545516119575353,56.9380588033121,54.29773260908698,30.831302190995835,87.30221717757249,6.547233705311698,85.63862112395032,mungbean
18.647263645102278,35.69808409372683,51.05214821631772,30.56464637348822,83.58621581953591,7.367008785117946,60.837364713069334,mungbean
12.630926049979841,31.706441933329398,52.99581948664881,32.02107454113793,83.31352218736318,7.01349435331061,75.83748904783799,mungbean
30.250151656897373,43.625509882101184,42.36839183494997,34.34729915488301,82.508790998907,6.180671009994848,83.38172453037834,mungbean
38.77287249136715,41.335176411815596,31.861102908863444,28.393052673095674,85.05931654319558,6.24288450994832,86.32408872225969,mungbean
39.90997556040802,43.55218427944332,40.64185670190638,29.007041668344666,81.15146178395202,7.324910402139336,76.59302622085409,mungbean
15.490976456993653,49.790708187914234,43.261002627933706,31.48233468807846,80.61446290130787,7.220585015583341,97.62015811517611,mungbean
25.950615446375437,58.63697786576432,34.542969431098896,29.774161894803537,86.01806733945448,6.87260497113178,76.05847116356173,mungbean
13.523376374650455,33.80472067651257,41.75227351686834,26.626608151054853,87.34365676492219,6.313246403241885,62.34261221138135,mungbean
22.09464551268937,47.85689198158205,56.157391838415165,30.76981612417682,83.45480853723446,7.204517822289481,81.61115572749685,mungbean
3.1712113852476698,46.9755168093974,57.24055636264987,28.963126254982207,82.963258018998,6.21520418552703,66.05782087741429,mungbean
17.310859373672756,47.87039472484589,32.41846215508805,34.395685890251656,87.55133617445196,6.879935877425494,93.13754683755963,mungbean
3.2074702724845316,44.30516633199373,48.9027938058499,33.28652906118289,87.83469560049268,6.4156038745701,97.63520678236817,mungbean
4.973833657234814,56.25400855863457,59.12820748813856,26.771535232226256,87.22066064203786,6.060428278166998,76.2169130055662,mungbean
20.651331967906962,47.419356777289025,58.07811744745678,31.72250687294195,84.81277951219236,7.2145125543988335,98.02131283817636,mungbean
0.8826459472916337,59.47563816768116,32.58396417191041,33.143867792687615,82.80334752551413,6.1982694866308075,77.5942255885534,mungbean
25.758263177904542,41.42855535070425,31.63696224848097,30.994611396587167,89.02403276110675,6.574823048920877,68.65331110523309,mungbean
17.703093837312615,31.450881331463425,54.61462753440824,33.26340810950187,85.88000463429628,6.529654333407584,91.99133457783134,mungbean
22.187480991534688,54.777969256500484,48.94376377749062,32.84405473212797,85.9856299321776,6.621211602323499,98.3178343970455,mungbean
21.644552995153788,48.152685556216156,36.61462918244248,31.256507894272765,85.71607649482944,6.2772575969205375,62.383483894125746,mungbean
24.174372788590844,52.91076808050961,45.702041127660245,27.267726253196457,86.66521976693035,6.1201585899144035,77.67334819207818,mungbean
6.5346703359368075,35.5337715317965,36.06881847474611,28.86707057043978,80.51150205620398,6.5966901613936475,80.46829788458803,mungbean
19.331771398653007,41.48352301209122,55.17439824212258,26.453266924205042,85.05696743781374,6.093062125434831,62.84622715511639,mungbean
22.954633987083852,46.98055274663463,56.34100538533371,30.578736756600733,89.5979102040485,6.073042272599895,63.92030739122964,mungbean
1.7626344628152557,35.5583055100062,46.23810332825035,31.45572181427428,80.45585157948669,7.418956334768399,93.68661506601524,mungbean
11.864499286283724,32.31562590679404,35.09661219657172,26.269444137549726,81.23283779298947,6.777842532998601,69.83389769973601,mungbean
14.325588661165778,59.685160001529674,50.52942746776034,34.48980667047002,81.42556555033116,6.5732092122488535,82.18927213129417,mungbean
3.0703224755495206,30.125623308838737,50.113030013907526,31.418195168014353,84.10788809999612,6.734466114048049,76.61772002368359,mungbean
0.9602017937955543,40.06114818652387,35.312467661918696,25.98424189101369,89.5672043388935,6.899039587563248,89.14625136946411,mungbean
12.6145497306447,41.79441388482046,37.10771981690171,25.96965670965425,81.79031637441584,7.196271067944728,87.10183220735104,mungbean
21.877155039419076,44.25269618600304,57.67302850968373,25.727349477786685,82.80600813237916,6.524906780356071,91.29703248851152,mungbean
39.70058480647885,37.220115442714594,56.22922002411242,33.30622760431791,82.24657397641766,6.598998870298834,76.38691477170076,mungbean
39.12882674106233,35.42675704136695,53.97473913314346,28.341927141731098,87.30870345776161,6.630016506443495,83.1343905246616,mungbean
33.304470933045245,54.12496694951652,55.992695506191005,25.59617325344659,86.92050553039745,6.209981065082644,76.63274272073645,mungbean
21.94353660218754,42.082184542404924,45.588350274090224,34.96526308798619,81.35217313712855,7.013184068004638,75.8400386554246,mungbean
5.320391956293151,34.762102901229284,58.478193187368504,33.79601496711762,89.07041960415022,7.4872991637410795,68.33261560034072,mungbean
14.217573494562469,50.076570897746,44.51407619581941,29.183895333783333,83.57811249335593,6.890670947915178,83.02373714560328,mungbean
6.458313362569603,44.15219512555317,46.6041532862955,30.702869387313903,82.10107192912352,7.11340708837843,61.00796379284279,mungbean
14.193274221726506,53.406379456069004,46.916787631662075,27.6116243251086,86.94953119343047,6.85108641623411,91.84974437825548,mungbean
29.401007447592935,48.30323766108704,44.645330259324425,26.331821256675234,82.61333017885384,6.628649209375628,83.97197148025555,mungbean
20.548314208612194,38.645535778785884,30.193930733691317,29.962392219008137,82.85625988562244,7.101912451065802,60.95785061081934,mungbean
23.393112452231634,58.244227125181965,35.23227801334499,29.716494907505954,80.91421991817138,6.938522868392029,82.02126722384902,mungbean
16.294620968513293,45.64131064421224,56.897239754070306,26.96294302311067,80.22564511705347,7.292497327048651,83.08468329551626,mungbean
35.6263382184737,47.90835670239518,54.304832698791074,29.29673363355148,87.49859931288269,7.369562200334784,82.88491854888825,mungbean
7.2314060224951815,38.06392845090595,35.95933730692217,27.46857027595733,83.06415449351036,6.832700680129783,83.51966517855331,mungbean
17.059989889674444,48.46262339462506,32.44724776834098,25.8778823705816,81.71829460357658,6.777116247060517,68.55978714793254,mungbean
11.331376139703092,42.00938508518982,54.3559837203114,25.1386213591286,86.49378820236622,7.003314796561028,91.94623121426545,mungbean
37.31011756241253,30.604135468478695,34.61351116539649,33.86171294055993,84.58518562187015,6.846885958400195,86.5210881489259,mungbean
27.162664179825494,57.95221209949524,59.908482522350084,32.201574609309404,82.87221209205151,7.319628603441515,61.96883658163046,mungbean
9.243234114979849,56.921571523911446,37.68574543318065,27.206510596217484,81.38125293140247,7.288667636470375,80.00233036764347,mungbean
26.99572812216619,37.17199152225089,52.74121263033649,32.60005544962098,83.125980249083,6.616023949515425,68.38761109720804,mungbean
39.062440932916175,49.368077311752344,58.036316421465465,28.033855436291333,87.8189091299689,7.148787965827113,87.66622607466167,mungbean
38.62555901067202,41.80666008318947,33.92151970769272,31.717088592440607,87.29309800477206,6.862590860188222,68.27271572533584,mungbean
20.178237666774216,39.36569209707388,42.823995845000674,31.45218575844664,87.45214742690834,6.348337036352015,76.21301442587813,mungbean
10.766462839665166,35.95894841585607,53.50161659987515,34.09252694436992,83.70232185684577,7.12691838656065,95.87981157457645,mungbean
33.84496842120926,35.48440165617678,58.68875644540084,28.766764404294626,83.39240661173837,6.09364699091667,79.44694616419532,mungbean
4.360544625637148,37.45619462782278,39.50827865301844,33.08826323491684,88.75488650395897,6.453699476192204,94.34792484978296,mungbean
34.28923749479164,52.93952851154621,34.40085342045545,31.90322846900729,89.45024064580569,7.023810718150735,73.26467396431336,mungbean
20.02317269723325,49.37175130053161,45.31711226185511,26.199529417309698,83.12064044652021,7.203594045830449,94.4567218438207,mungbean
5.492001308622809,58.57160257196173,39.86467853545828,31.6231373873072,87.51825145956681,7.217919351956825,97.82998808903722,mungbean
12.516781921152905,55.755193636546636,33.95060710308621,32.05040906353592,87.41977729513985,7.016584861801981,70.09258944540612,mungbean
34.921725880608136,35.06575390111185,31.609043745624923,32.17464990611912,84.75475715232734,7.273647029938014,75.33588564233035,mungbean
6.731143540308513,55.093265774096096,46.46728894920215,26.891957923903547,87.20383998586446,6.766670457734251,84.1725192896128,mungbean
18.435933528263277,54.86126951454019,54.886881470491495,32.09388821824386,81.05401377396463,7.2582807928561035,86.84051922131638,mungbean
27.88096664017198,40.88948521211615,56.3783866847102,32.253716002348575,81.12590466529194,6.611667051609244,95.45521447840567,mungbean
1.8878680678951598,58.84249858926148,50.374877049586885,31.313759776433766,82.70559256487991,6.373187683108766,97.68232877954381,mungbean
11.930898169364909,53.26515890156998,41.79365394621237,26.39254070784704,80.10715297695359,6.816386005522876,99.0311527419573,mungbean
14.765447752368178,40.71577001979134,40.322748535483264,30.205438373048583,84.40664883424293,7.319871940090522,80.22083166893961,mungbean
20.310313527542753,34.1511478416167,59.48218622731158,27.499728908688297,80.73364067459603,6.9947193734628135,83.8146548062749,mungbean
16.605826159709828,42.66576701642034,53.55191763139294,26.95712640099649,88.2025331894489,6.973120670842527,76.75879095118097,mungbean
18.321144663354744,37.69941621558287,52.56342998090925,30.12874742305268,83.20854542749844,6.894075173641426,99.82937808205293,mungbean
17.410491186262153,57.62074202335859,40.35050519773698,25.54732706924986,82.04242106368429,6.628042714991526,68.78539714378276,mungbean
0.0090815287302215,57.45004613242582,55.31638233692787,32.42292231486947,81.67814595646028,6.1805453643149795,62.70418997889533,mungbean
28.961167550916848,57.86423882063656,42.91607462739111,26.191406719960483,85.12392820732107,6.523247861187945,74.99299697399991,mungbean
24.85322496622829,51.561543397866075,33.31810796619482,25.355902308064763,89.94330302685715,6.3490925233733275,62.15322099633836,mungbean
7.595013163836799,31.168735390453925,41.75432683851515,33.02401784451324,83.41244449757721,6.6662751103175495,87.02347094269754,mungbean
20.35576280279521,55.84337058063973,55.9810702513727,25.099106954911537,87.78046306483199,6.691100400362511,99.55362165214652,mungbean
19.329283035017404,59.606878361648924,52.637080836172096,27.486048846133063,85.38394979286957,7.488203459217874,94.30122431007695,mungbean
3.894675751648844,51.19115990429988,40.36738757612439,25.06982261880348,84.03480969027,6.352131632587457,92.75477082081886,mungbean
13.49322435383062,54.82571081861451,30.01793816504386,28.07819150026119,82.41165214307762,6.3503510416029165,62.727464790618505,mungbean
7.484970816420069,46.666487096568595,38.740832185132334,29.173947823291478,83.76866880347188,7.313857387499842,96.21195996042061,mungbean
19.718278866234403,39.904678509468134,33.204021120070905,34.53402879382095,80.60226944900297,6.4464754163524205,71.92264804680016,mungbean
12.816051445608597,34.92860529817228,53.49484292771092,26.224978619659893,86.34906659153162,6.185769040058727,62.82142550371826,mungbean
36.37718014743506,35.70386298956117,54.63750463679113,30.44630871107136,80.7785651960877,7.433172287157101,69.8784466796757,mungbean
34.38581381410426,35.06430017353693,55.61828646425559,25.132288129052938,85.11780456569481,7.1541638691323355,97.39182069971133,mungbean
36.36808544825948,54.588746086429346,56.64574048983913,26.992196858370765,82.8418429571173,6.433452787381587,75.08215724006796,mungbean
15.732826815407549,46.33665973964027,34.79639290099324,31.912466637859893,81.67566539304507,6.465462723156821,80.13380522424616,mungbean
31.85762246093909,52.18407699716182,49.36603069231567,26.5577326058017,85.47045345615578,6.131169752699829,75.09452707186603,mungbean
16.540661211598366,31.194343183372617,38.21964298409915,34.5564946726649,89.5363260782969,6.528490581378809,61.72400435793296,mungbean
7.163797573127262,41.766533803006205,58.433390939076894,26.41199063537185,87.63515843668212,6.163023809062038,99.25030309565108,mungbean
15.2646599643654,53.25703616697168,40.27773248433395,31.276688771588088,81.92016084740037,6.219031528945444,97.52256558272525,mungbean
36.70589111617734,56.62406820638647,48.763003504997805,33.082682112162786,80.69036936911375,6.502183562836018,72.54812499028625,mungbean
25.42581287810453,40.67873320411921,34.455203449310424,30.964670754135437,88.14383920669081,6.57318524168996,65.29074860393926,mungbean
7.867527892512922,37.12449915508152,38.996927789836086,31.42795070506309,86.00945484537719,7.044119792350559,74.50007938126052,mungbean
32.95990607519913,36.12262983467281,44.07122242554462,33.00938721541431,81.8015864773262,6.164794670611174,95.34735870751959,mungbean
13.717186510367835,50.51610374727096,30.760458127918156,31.900468884094497,83.1610131154697,6.083611280381163,84.39251046192467,mungbean
9.632152642926929,41.6042172615564,32.417424368595405,26.471632510949455,82.97977235495844,6.134639250840236,96.43305058745261,mungbean
0.2418817273591367,54.51580656592934,43.69742374397654,27.384469984257436,78.52119119636531,5.823389106547974,98.63329278873331,blackgram
8.231775079576868,62.24698325400489,56.40031794691935,33.72926600356435,71.07986511006261,6.569118438312618,67.818320014736,blackgram
6.649174482066349,67.49467453346543,49.83514596550102,28.092904804591853,75.19647316856776,6.177646964845614,98.0824978655601,blackgram
29.51711075995201,57.9228772772026,66.42685481634257,24.545664991844312,65.14125384378417,6.43007266844182,69.07914157886084,blackgram
29.756207492086077,67.57624093161175,52.7131035979277,27.763458601230845,79.23101464275132,6.389704865655082,79.56193601797133,blackgram
14.065994893676216,67.28645419036415,57.06866449845552,32.38392045899809,76.23613436701773,6.183698083834516,77.3477732528152,blackgram
33.938870976250584,50.89766055027431,63.81805400355554,34.35091554831881,72.46420746136013,6.9832545749037775,92.2038924816454,blackgram
33.801585955865704,51.851600135703876,41.53790377527994,28.420638983604135,73.47512459568179,6.400700771561586,89.95852603441594,blackgram
14.279297178746555,59.04232423312089,45.59259414561924,32.24306380309453,70.91391937626051,5.908128777093201,71.6764469399123,blackgram
29.944348343273294,54.47803706984562,46.480943211792166,34.63998309407327,74.30250039633776,7.414269665079592,77.08420181441373,blackgram
19.00401362766882,66.93865648555058,55.75148020736154,31.78006803096234,65.0434575499106,6.393452937405281,64.9379946324142,blackgram
8.239201435078467,40.02830245802893,41.177951549459806,34.750122054946225,64.84707390273525,6.826621419008004,93.56398795198446,blackgram
22.02641836946257,44.59433500251868,61.84349312008499,30.602765511095413,74.6250117869475,7.039493245714175,99.0164147073898,blackgram
22.942531201068398,50.24923338071805,59.45393670700712,24.75284780166889,77.94794636643172,5.738762022676394,73.11371351543274,blackgram
32.62981522504484,57.919371349921356,51.809065608323266,29.207792253125234,77.09094786404361,6.180008772119784,94.78598739248685,blackgram
3.5253772390676597,63.303953116258924,65.4264289916421,25.999994181210727,68.60693064744402,5.830999549327311,88.26416515976871,blackgram
21.41391072246627,59.05970040124963,45.89460900868633,26.329204482576614,60.82994651019813,6.144135070391459,82.389786453347,blackgram
34.317396559893155,60.00782342376042,53.06188970199254,34.48432125833551,74.38490401151664,7.3603304057251,81.10351893088662,blackgram
10.356170991725584,41.58480059094166,61.782545544515514,25.334332978060875,66.05550256543934,6.564941815767795,82.5766635111899,blackgram
24.023327879485443,44.98765991049102,51.39212214464946,30.789136498286634,79.3963772926757,6.955262275399377,96.90415028375831,blackgram
30.48848233256708,57.751509066772016,45.760701074090335,31.333542170817644,72.46759131919814,6.7049383409145324,79.59143471952963,blackgram
21.146264159571025,50.03327581354312,55.579380779269094,26.17311496246326,76.10348794720754,5.871553909397416,63.398651595578656,blackgram
17.449841054286296,59.749223185181854,53.13150474800624,27.044295451464393,71.16342367780882,6.1940046708244,97.31470760506532,blackgram
36.90580558414288,55.07115459916287,49.83651982054776,32.10845655352303,60.73425886966133,6.449538012087302,73.45293577081334,blackgram
36.82143540410219,40.360090818180474,56.584446271550476,32.147299391732886,69.70035975048083,5.670806060325443,98.8984556011161,blackgram
20.720417255043916,58.42558732957034,47.09829348122522,29.31847893617484,68.58298983916643,5.649791684003968,64.24641414189868,blackgram
33.49890078475098,47.194598566197705,45.84874814495892,29.55402596375153,75.37494262725026,5.623893037157976,83.07231678553023,blackgram
4.768417713622934,41.093831524768554,41.58231856486652,33.175805190292856,62.35944967256123,5.590302728824584,77.51599548571649,blackgram
33.75973887768099,47.87225129467906,52.65137852577749,24.439147858201263,68.98157028269752,6.655226161274268,82.8362821500858,blackgram
13.297067686974607,49.465995419894064,43.198708568097935,28.034781527108954,61.989893377459296,7.033191889424103,98.65097190992743,blackgram
38.802978266668276,65.95213298126181,58.023764480188575,31.709522669682677,65.70411605360829,6.7615408403452415,78.2259819775951,blackgram
19.280693591077302,62.73329681125474,48.45755066791755,27.49843572863972,78.49283582257273,5.612448589701945,79.42537193653362,blackgram
36.51203201631447,58.310890234544715,56.39221222636397,26.747185971522907,66.86550978128896,7.204096831609386,82.36872527073832,blackgram
20.589687750271196,42.98739140620087,40.480844693653694,34.60053707555754,67.53972334573683,6.706426124199009,63.1886029274914,blackgram
27.324571428921864,67.97700126117883,57.26995758992259,25.387268546129516,71.63443054946953,7.0326944262093045,76.25666146296075,blackgram
35.193509917658716,59.460488600720936,66.97746754867607,30.85855842372071,62.62575944009649,6.119383422210378,68.07179793009828,blackgram
36.353059908674496,62.81200201862448,60.29195106730018,27.310629515947838,63.68089544100427,7.012902175977824,78.96631783516318,blackgram
9.031582086025164,58.498659344958256,41.21001556415356,27.58787279541079,69.3711398918227,5.795916668218812,99.38617910363358,blackgram
8.363894583584571,43.910593901297965,46.10604621660689,32.45967246475696,68.51011318543685,6.630831879505076,60.84036627945443,blackgram
1.3772523429325823,53.37476649481049,64.49965729604871,33.737627665783215,61.73413135191281,6.576726204202045,96.52918745117083,blackgram
15.518910175915455,64.88697494285105,44.010869631983084,34.28933938634579,75.02846635062605,7.382668785573803,87.06468934210025,blackgram
14.536157279977079,68.14543517574168,48.26700328927535,27.653897742679057,74.01616836003481,7.030632599050772,97.17613935396615,blackgram
8.19209636224838,63.939941056576714,62.156381601908905,24.701740118789576,67.74446282420413,6.065530914120197,72.17961697416122,blackgram
39.31787518218803,59.283322404397836,61.53028473380499,34.742794010465104,67.54403564915278,7.103680336905612,77.38123853217982,blackgram
34.78134687259919,45.4197262393391,68.43058531192838,26.406488792519678,66.52441013961862,7.012384468213561,75.75020566261627,blackgram
24.328455070657867,53.337205032082856,62.27109811269345,26.51164377605472,61.16915974473754,6.099858794946132,78.97234659473722,blackgram
6.720802087707143,50.64391868969166,51.99949054880706,24.631310280571007,71.66614496368409,7.268686855942575,66.06971651812209,blackgram
23.912320536060562,59.942176147325384,52.580040412578654,31.71207346100697,68.21463086982024,6.50927457595487,60.29412178217708,blackgram
27.668804565387553,59.84028036834174,41.15202631979034,28.050751181346463,79.58063681583334,6.341473125137234,80.07781620527368,blackgram
36.39720632638874,61.51785627597269,57.46210393372671,32.7758514947518,77.28732532911947,6.413776143474534,79.00433459727341,blackgram
15.442037426073432,69.00118420055381,60.91498762871051,24.915453728288796,77.25919246626037,6.461119881672536,62.7501562568995,blackgram
21.988690206532443,52.51492836927106,66.33248214587874,26.24394063970326,76.52929218984366,6.615377382370905,62.18441212853876,blackgram
38.873812053019385,55.378457323096,48.72630562694748,29.16347526188184,77.15715567034978,6.109806248770127,67.70705585946801,blackgram
5.162849877235258,48.93578195170634,63.401442611201304,29.18789001714788,64.5496320738708,5.832369999219498,73.30917906041516,blackgram
37.596974915428355,50.29080137770073,69.64372227863906,29.33753501341892,63.58327836580302,7.282280183587019,78.41421492539308,blackgram
28.386853740180978,69.51134749627455,41.50526050959922,25.063640157663237,74.40913482925512,6.063650006590944,67.37205587800396,blackgram
1.5744751927891798,40.65540135958605,63.23456809359372,25.47876770106505,69.35441231942302,6.711793630358966,77.13407202275386,blackgram
1.0842660934493242,63.50504507763726,40.3153967362496,32.38078883815233,77.86608987576246,6.365679842114345,81.42169892391193,blackgram
19.07933570470615,51.67625855870317,66.6227360611108,33.833268617369896,66.7163272928307,6.730139508029396,97.07630248583456,blackgram
38.48233995765406,55.26877121266143,53.5847441585298,27.065637475213784,79.1774374638082,5.785628608945735,83.19318304190901,blackgram
11.302010700745555,48.3702487104339,52.14905762128565,34.9867222939722,61.09932613679644,6.657083636407063,63.30288632141109,blackgram
6.180833199620759,53.186888253186964,55.31380394039324,26.846716492009765,66.32914261748833,5.673934040511866,72.12879135377003,blackgram
38.66233757522176,68.34122145017446,50.04634870410955,30.279393299066378,78.1919078222189,5.512367645281794,92.42734281350367,blackgram
37.93478211155676,42.73977203000671,44.84343058098763,34.56820933048491,70.75080287280693,5.528393268943447,70.30527995054116,blackgram
17.997746970754385,60.787267330743035,61.99481134410399,34.94963664218002,65.75022398767518,6.576440203736951,81.33294191438421,blackgram
16.225810377889502,45.074856815272604,69.32369689551527,33.38648905333245,69.96666056588475,6.70649084536806,69.0904421423865,blackgram
21.751482815669874,60.84910399364428,55.45501085159766,34.893136876434355,72.22683312495452,6.241947425184338,90.88608110463352,blackgram
6.818500463265682,51.535474411188,50.40876851132758,28.74987804618555,75.63559651857453,6.4683460643268145,91.76057801063851,blackgram
23.059556125594636,50.26208303972666,64.29936231050416,26.621186376084008,64.48765959599591,6.5090058481096715,70.43396983848356,blackgram
0.36348139804865287,59.44892581896404,55.33281464417194,28.900695959424773,79.33937029236631,6.642398367925828,94.53726311157538,blackgram
5.578009448206407,57.07619389388283,66.03938880192709,30.41416333007888,74.36028356254003,6.244087135624415,63.69798068148266,blackgram
18.31601180508286,51.83438172516573,66.01180547136842,26.683948325877196,79.33468455070216,7.416276239608992,69.90526572285755,blackgram
13.92207821909282,66.86667222621655,68.99866662688322,28.877830131196482,66.41994091281796,6.552188026503084,87.5107682546294,blackgram
10.938980614999192,62.09419523857218,41.54972071343923,24.54223942040858,67.72575410291091,6.206946384121441,72.62532861468608,blackgram
19.6407905067564,49.62200746934714,45.76773755404276,27.40416503997461,79.4980854562047,6.322226833989697,77.78851107433343,blackgram
23.0617995980456,69.5002230524268,47.24803829307289,31.49410321585677,74.31969387083448,6.714648833586132,63.54313358546576,blackgram
27.074891033103057,41.922841331085266,57.88427948649691,32.135392949439165,64.21939781239901,7.183244015085548,61.21415222132017,blackgram
33.75251454633224,53.80987151928295,46.52763819794934,25.471559594933648,79.06614335164745,5.645331175162314,67.96373679743702,blackgram
13.912893897321839,58.60704546883362,56.34403255828295,25.382078416535453,65.79455967476429,5.977503542172048,68.54171417961365,blackgram
16.445773459199483,61.120943577749706,46.52358796651708,28.033467676732798,67.81834853682325,7.45291305887082,98.18665427516275,blackgram
32.005503310083036,47.249767624575554,42.04111942275009,27.485945514926872,65.33589098867662,6.511851600292788,91.10911640271172,blackgram
34.332917555154324,65.34592256231525,50.790266836692034,31.559577778067514,66.2566839504844,5.621811086470365,88.0626106241177,blackgram
0.3931021027915138,52.275477623754654,49.88137807906227,31.627152923707378,75.32490945520757,6.1081892719425674,92.46508057779414,blackgram
11.75667042019735,53.38979079959684,61.81055581042402,31.622122521472676,79.747369446244,5.950322048431864,86.49271654158329,blackgram
24.387276331031096,67.45295363470089,44.69086424934625,32.26977979945626,71.36537232537536,6.049331739575811,78.97739656588696,blackgram
13.351063882791912,57.37940208365383,66.67001832443998,30.26235482853422,72.63444836653169,6.537495694229419,62.046620257819036,blackgram
9.31434227504377,54.760051882962486,49.30705851234114,25.999399575373136,70.08265683836876,6.145619586895701,70.32430572693659,blackgram
18.559416697615234,43.99852774246519,67.83237199226221,33.54472307711163,74.15241171481071,5.712427655176913,91.03509017878773,blackgram
32.31829312436076,63.03293853143013,43.418976613577236,31.082987527745413,76.68649591498797,6.654706802439335,85.85629500912356,blackgram
18.334539177052246,55.86121959652158,41.03130575055176,31.02859324170613,61.628944257823186,6.370029188680447,71.70620390669632,blackgram
21.817118008468523,44.002490065696215,60.74930205919955,32.74512690621317,63.26708899486313,5.708626174703764,65.82061931149437,blackgram
35.08510247594007,55.845677852690685,54.01782988022508,25.173830010125897,72.99112013513924,7.23599918379018,93.12743477293812,blackgram
25.04218835923205,42.25836149955021,43.37191081528039,24.54239885820807,65.14958432984939,5.7713229343207555,70.40192161009736,blackgram
15.402322228758468,68.28948352213408,58.31128179345076,33.18471164251258,74.20703001424664,5.725006261053263,89.43681625495796,blackgram
11.003955262364977,59.17323540984119,50.22885920928965,34.97439489591125,65.27102958993555,6.058260941548539,97.22689022249594,blackgram
0.9857761854529068,60.90066963619591,61.75979172207634,33.20016435151439,79.48878621276951,7.451203838313305,62.611070302658554,blackgram
32.8735729101161,59.38929800972144,59.42026403119274,25.411849192761643,73.00374332891306,7.464965161202496,96.47274278157788,blackgram
17.56522643219402,41.19843919858283,50.868804700006145,33.090293427606106,74.02998202930333,6.418687311187913,62.20406140635325,blackgram
17.075789112932107,54.07074819153651,67.85666598682408,31.051947139403755,66.23305833309298,6.5506365289014425,62.6422123128864,blackgram
38.90272942598947,50.80179705792178,54.33602064739407,27.90812371660615,73.650234602324,6.824464316659186,88.61289242116543,blackgram
10.725729184476833,69.47005443492198,63.75753693288624,21.555099718461125,60.79594254671305,6.695364671046918,56.74239712129085,lentil
35.63328593158534,73.47113281109885,73.77911064639221,15.769691830080173,73.41530050886071,7.142518840745691,41.11637636511783,lentil
16.852035265334585,85.16518010295812,86.31361402986865,17.43179980264226,71.01141269082729,5.884986301271654,37.54696910348891,lentil
36.4448200556783,84.61522512696328,82.80104705409522,15.487663188131403,76.87457585420515,6.376088151810768,43.559878082396494,lentil
21.859054441015058,62.74059728170668,82.69939648057196,20.824350768882958,63.73180193746335,5.876464399538091,39.606216289316855,lentil
2.2800955020773594,77.63395348115054,85.21044532765524,15.174982139873887,60.98009289942547,6.645540553373891,55.48739213465131,lentil
13.069555622745344,70.48843196423167,77.89039492490328,17.74212889124147,60.532167321553686,6.970457036203192,50.641247823536325,lentil
23.230239962226364,82.25052386975469,80.25692512686112,17.05881988178321,67.04962093886702,5.75222028335725,38.24642533544703,lentil
27.04782985426157,85.75800320947495,88.88197751583417,21.283471175494444,63.68202646721914,5.711300690897861,55.32127428841895,lentil
23.15025905439997,78.5485506304116,83.44386266264128,22.032772277324515,76.68916505712193,5.6124278109197565,53.68801591866262,lentil
34.03411029288382,68.58405127374942,79.21341821979759,18.141620638369723,79.15942132964908,5.566847144871008,49.49482109582388,lentil
6.6601418819806035,81.36660615531476,65.27670850255986,17.353832618983574,69.88741622091516,7.329669899993756,40.292859303699274,lentil
5.769600844724141,82.76930495562092,75.01858597001792,24.117851123817715,62.93229114319685,6.791855786046079,40.82197865379538,lentil
6.270417146065572,80.50288245471812,77.810538597262,22.54827458362331,66.18925152892365,6.39594331276438,45.13679190826046,lentil
39.36357855866057,68.76746870218163,68.84451715040301,18.545482088286075,71.29188162580643,6.0046454885274905,57.88224850948185,lentil
10.62742259465054,86.87447194680584,63.10425190939754,21.565627023996523,78.13971036876487,5.8374988767964595,59.20817400248137,lentil
18.115334416620467,88.37145325323073,80.30460130890141,18.015868698735517,63.766050498342125,6.107470092450199,37.32543523156687,lentil
5.754718653733191,63.139813210394436,72.68830631224674,22.955783762575862,62.8276710843268,5.760640866344672,51.085723737933264,lentil
7.887319278722651,62.92830114326975,65.00545734616733,24.23731395876776,76.42942505552381,6.208129124710188,51.39551918318482,lentil
21.491026946721522,80.31372790447692,80.48013457388278,21.28734015059993,65.32202737074617,5.578012841525636,46.38916954975272,lentil
35.63895538762815,77.08491775555729,84.97173125105724,24.91624342961228,63.27232408276552,6.883555278283964,51.857339342500616,lentil
39.19821789433114,89.568022018584,80.60035835172388,17.43614791982194,75.97111676261198,5.714058268422076,54.51748260429072,lentil
36.40784496578786,71.48500184305306,78.91905884949242,19.301427320968262,68.75530109976256,6.1207417782162405,54.05324051125811,lentil
37.44706256666021,88.22252577703384,65.24343854624802,23.747436496565662,74.74862882854245,6.005674801380579,36.68211532303786,lentil
10.719890675375119,87.36624710344577,78.99536024687316,22.210546608978717,65.14304702218192,6.93877631114964,35.70303765694809,lentil
15.012853830920552,78.80260045626994,64.3828969662396,23.230035744469347,64.70062597623837,6.804562225636893,45.12992856438324,lentil
23.841743819105886,63.22351657886725,60.50738399764822,24.09564427380301,65.39260017534366,7.139354005560918,59.98375751180501,lentil
8.457250319956447,67.95512223550067,79.88579362903997,24.654486346006212,78.31628696381487,6.50575104013117,54.87775706316812,lentil
5.429834123996042,89.32314552612037,88.93059702107959,16.63728957879171,65.98846249606213,5.700309995013534,41.79293997245449,lentil
32.63823157660826,71.34946821495778,62.651909014402754,18.422255247789046,79.6276666848256,6.759367190518406,45.404023660153946,lentil
6.6615405398908,89.58530391851085,84.62547027789387,17.814773024509194,61.401373914423786,5.613251114755116,38.009453737638346,lentil
23.230743344576865,87.86290263616478,74.90230284017953,23.429454824561972,68.91773239719616,6.91716709153565,53.296818432162524,lentil
6.958548236133546,70.83648176927436,79.11906469614073,15.706966081843662,67.23080375525913,6.569598932562385,59.90561232611597,lentil
18.98134250489763,84.48170271342971,72.96201855199854,22.963907226197087,71.90829603240216,7.273190883004797,45.27356380875275,lentil
24.172176792859155,78.90056041856482,72.5214882540142,16.443120436874814,61.87118813824671,5.533343101199266,56.83835660613036,lentil
9.458996489547783,66.34520247845305,82.08106201278197,18.200161130873916,70.12089384823673,5.825022130594912,58.99364303654923,lentil
34.06325600068949,85.9136886889501,72.20321245716016,22.623612137071728,62.877523107795604,5.517238005183561,35.499323314450706,lentil
23.464069496182418,73.66184715743822,75.5404604672556,15.074631404172194,68.45373239314851,6.936136322401722,46.067342549185895,lentil
29.28876825248889,66.99056893190505,84.39426013445177,20.884312404534523,64.21526198859813,5.973440951707666,50.700761614238424,lentil
33.19758372849773,72.46883346087466,67.74901287382777,23.670116069106005,73.3853658350167,6.396170974566153,47.197504881982546,lentil
8.170258717455855,78.80407890194532,70.76227531628666,24.95645176674349,69.60367030523776,6.471771212379227,49.146294685266795,lentil
36.67024012474987,84.0245429957925,73.53390209393524,22.18699265972796,71.72470997561524,6.484734097402498,39.807894319608764,lentil
18.55745053819564,67.37455761067724,87.44526449554964,18.35406813496347,79.04528029066745,6.566110580189422,50.788609466904006,lentil
21.71761777957311,63.88141850900103,71.27463657023823,15.99146112277624,72.45908088366764,6.393748390400878,54.449624289273416,lentil
8.818819239974793,64.93698175288004,72.18996692891304,24.26585383218381,74.20843630024824,6.337847249585837,47.93180424385776,lentil
3.3685204470839336,89.5372768912834,79.99221914084757,17.854040684634224,71.7161678843049,5.718964732137988,59.14591672018959,lentil
6.9913995153346375,79.44090954165642,67.36363387616791,22.175613826485357,75.53642734480562,6.846839457822865,50.36248650637981,lentil
35.69876375808047,62.35880132969274,69.92744297340586,17.482874796308458,79.76027924130844,6.278779559333747,53.31531748100997,lentil
27.389006555240183,66.36243712432133,67.16993040634654,17.81284563553034,68.22254556518759,5.968650131301054,35.4912870686712,lentil
35.17572227228782,88.96829494142652,70.24711161094704,18.385068794254728,60.14183625548742,6.860501376660748,55.63599739371572,lentil
5.8643320144001265,64.78999048101453,83.70249749914313,21.162907483541446,60.89721115255434,6.745093980924564,42.72294307109415,lentil
14.749006218833838,83.0919425489064,84.32805578017832,19.003566268398306,78.9430587201271,6.312925435904145,54.29590088075275,lentil
19.355090582570362,86.92596979566252,87.23283730950536,15.874168078710838,78.72986662620451,7.151069683040832,54.78276785781667,lentil
8.036453587420898,84.15357626263994,85.50398204055111,17.89150334454151,79.04520156724648,5.599720292798328,38.74773133117849,lentil
21.503245522060574,77.27377413366929,79.3545024990271,15.169691293154665,79.20733549244261,5.589176185468288,38.57654881808506,lentil
0.5605807010422792,77.00575299882284,87.96800651762916,21.65947166080464,76.45314936960855,5.52656240691716,48.55038246199315,lentil
18.382519100220875,74.96903832662379,62.16639556005564,21.844353610693076,70.06440829717269,7.030297699722528,47.13226585154288,lentil
5.975265449057283,79.44770862233466,65.17159086315499,23.723945633548148,72.26232478138483,5.8144077671139085,59.05845143703017,lentil
20.734618533412824,62.186953556149646,78.80498713245201,17.531989070128102,76.07386903754605,7.135644147132381,59.473683896366545,lentil
20.074781240980148,73.64870639183212,82.60426816339442,16.324706563419266,70.93831027586248,6.592495200261702,37.23682807025968,lentil
16.719363420276544,85.59854395701606,85.68460865983981,15.99237664919681,61.814417654956614,6.02539095400387,56.86915156384984,lentil
5.156103402939958,81.59990407882339,63.0349685883931,21.231378537478253,67.12134598238289,7.077827925931734,40.84226122063409,lentil
25.568073175598393,67.07047603727655,81.40980849336461,23.736780345607485,62.5360359825352,7.233191377191007,49.83938136035745,lentil
5.084419634680959,72.82625566079136,64.82580880455293,22.003478888665697,75.177362688359,5.711593040545598,47.653496317366105,lentil
32.58500224103669,88.08489124652989,75.4055360022531,24.502792236114068,70.71377940912059,6.2883809891998155,56.20507821382239,lentil
19.719308418323564,74.15707531693569,74.70937468229485,23.467850018697455,76.63883083376103,6.307039984880422,43.33249649676313,lentil
19.677120961565173,77.18317529211328,67.1501163188399,22.939550847155907,69.72965531464845,6.16809109683992,37.670524824099765,lentil
9.553806416144276,88.47843515267951,69.1529906045858,16.688592893670354,69.21345583309986,6.114175486720497,35.87898125677985,lentil
12.925808691176691,76.32325871818406,76.551371160599,18.565589211768888,68.94605512505201,7.431035836469533,44.43371193075779,lentil
10.32907253039932,67.30401132200281,73.73293838112403,22.59520148716944,64.11976368376946,6.918592254281537,35.52874558373541,lentil
16.75731911935784,83.2759519560836,70.16198867323294,20.637371014453993,64.09958465651822,6.983990782252345,36.30697758171899,lentil
34.10170579502002,65.94589159265004,86.23194095124992,18.525292413005175,74.45367148948974,6.138450595572377,57.647791780866186,lentil
5.065485020734974,65.35559367817797,74.79090375476407,15.819384390381462,63.91960369403524,7.387532764424028,59.41224152869718,lentil
15.050373173216878,87.69858063041806,76.34474027020295,17.69742465873767,74.04797442161197,6.817803613149715,59.72813297771833,lentil
10.601891496371332,80.16178507985207,61.56071265088341,16.136460386967194,60.078367499021866,7.498921362119346,55.05684242868695,lentil
31.468920589341632,75.29178225864538,69.0020124871632,16.51264284462676,65.69349477692927,6.251942443858278,53.90775242450735,lentil
21.586471556126096,62.32450879666448,60.540870268767364,16.02332179534063,68.20997427394758,7.366385834098036,50.93506203023054,lentil
32.073035995020604,73.99123783513646,70.84998249585128,16.084003727166227,77.5186604437241,7.066320058055806,39.202952439943125,lentil
20.490422555050422,74.62124423763734,78.75274658059585,24.461868939912613,71.59542883524959,6.580434533557237,36.258073323366595,lentil
2.5162990407209573,65.62040373980366,60.97412315075245,22.433528955700126,74.46660607987926,5.772112468863286,55.90197251988202,lentil
6.191441393844479,69.03526760992077,67.46930697484095,18.723070985730477,65.09327531779924,6.477901852876904,45.185197033867134,lentil
39.46277963117306,61.67779050384677,64.26544129162055,15.528258939086024,72.51682389964752,5.609018554827439,55.91099343440308,lentil
20.477545227277112,75.81022873744601,76.84783523136582,16.708137063062107,63.95380606228975,6.13763464574601,49.837410395546286,lentil
8.404711037608582,63.489951813997834,89.10350659255296,15.219818148096229,76.05394810672044,7.076070299150044,42.4303528461274,lentil
5.425064640292536,64.36885940116271,80.92294851711577,21.428065910861736,75.65491348502773,7.37496234479821,52.2981840816648,lentil
6.234061462057738,67.30327850296231,85.26581192619344,17.093060758342084,61.45044633908963,6.906560108084501,45.06315888725355,lentil
36.801602101836146,79.50765213280985,62.712569333749826,24.478565672536607,65.17114527280492,6.174424980812572,45.05651034208855,lentil
2.04897185617253,74.89546266691815,63.69955473225877,19.00970326688352,67.01419575984168,7.045680166853007,55.07926279081828,lentil
6.1365152955635205,70.99653562137678,71.20059483095496,16.51410443936085,75.96907010102382,6.914456656670847,39.75954465742587,lentil
14.668876343751961,63.17415074569543,78.84619791279133,16.213719245486196,79.71868337249836,7.061364149375724,44.75596373959988,lentil
23.142557291174178,87.34025448649226,76.62297841187478,16.744984863979553,67.57406711162318,7.186289730059491,51.10532539974045,lentil
26.02897537335201,86.00464457065468,86.81919172387514,24.197925717794362,61.89698386506312,6.588252003926202,53.51273803045797,lentil
30.27707380508055,78.20148605910012,65.00362005551023,22.974205539416644,74.40222667029892,5.672271543098073,46.59524561685941,lentil
6.959095980872143,70.12431137138915,60.54243276617056,19.003298684107584,70.99753842312421,6.739165185654174,51.587258628217754,lentil
33.4516525240984,66.4638872182719,63.614454673154036,23.515371718979257,63.132256297853,7.449520162672391,56.06345573496593,lentil
20.035064235583967,89.44264274766076,62.921301873240125,18.030657611751018,72.76448830081223,6.2000137369463575,58.20931379951979,lentil
2.6250435271127026,76.48235496182893,77.72598802185344,21.527281237772243,65.11332446663629,6.229132855039729,56.09201324162444,lentil
7.797710758806393,84.80603541520085,76.87966268708227,22.62187511194082,74.27214732526943,5.915022990769758,49.22031841084682,lentil
34.7089261122037,72.96348710405788,88.99772310669951,19.52215100101718,62.85571273335769,6.278869360155347,58.792560159763426,lentil
12.78883397359417,86.04294479601188,86.4375204504567,18.50186524331961,61.66515316101264,6.949115818317637,42.78780747534965,lentil
31.316944570302894,23.279645447812992,44.55800227027865,23.445365847239756,88.82363331061627,6.3862546906458295,30.64285703154433,pomegranate
14.693620611091198,25.778397307043782,54.263983335034524,20.53237818345796,90.24254720537736,6.841454650885201,29.041591694554825,pomegranate
11.100912196095702,38.002393810703644,51.70603719993266,22.040306733563163,91.47720054420611,5.558598886206837,34.27154448342545,pomegranate
20.380354928968075,26.37249039338307,40.78271480492451,18.570317283990594,86.93339233612052,7.401489426425344,31.130493434064007,pomegranate
18.66732623323457,11.58129369560317,31.12698688631942,23.020270129327304,90.38094664121111,6.517411968432533,28.64686795634003,pomegranate
29.79002926519689,15.047097373254756,35.6980423098306,21.224985199437928,87.86279862111941,5.994925962466293,34.67856466829998,pomegranate
26.03886980874178,34.735512093997876,42.531257009189275,18.511595637183053,87.73666384921458,7.460010926393634,33.94387862849053,pomegranate
28.38948339204081,10.220734888762436,45.54617196547562,18.26270060272262,90.69230212091448,7.341541699272151,39.526286957506116,pomegranate
21.622107015556967,23.746144157566476,58.35051282745482,22.715268823976864,85.64899279538409,6.431451155334996,28.60367527696456,pomegranate
18.792172857947264,23.66396716019085,47.46434408444226,20.49739343244476,86.64270449455928,6.5074388691799125,37.45304326518643,pomegranate
26.56048912270409,20.151035977756475,58.06569068276572,24.385452998744277,87.09348399384099,5.578835170240726,36.119630625261436,pomegranate
33.10441045396613,39.03593697854066,56.69509182264932,22.203743377444905,90.30052339212381,5.555682102525172,28.699846702671667,pomegranate
18.384590069317056,28.855117002507036,46.71755499955232,23.198451927771835,87.79766930887041,6.629905215304946,26.322133650861883,pomegranate
16.54662094332828,32.504824988638035,50.802025602871325,24.934499160205252,87.77891125987756,6.496378598347958,29.94295620660995,pomegranate
17.62412456236699,35.708503896081645,50.5262722556546,24.177088339433073,87.03511108331887,7.246722235682876,25.896434112675767,pomegranate
35.543971217486096,19.872213383821837,39.43762900242199,21.584620036890648,94.40690187723231,5.595562729362811,30.28346462606118,pomegranate
34.262879547333426,21.881634323064002,35.97470692791201,20.973559269319882,88.8555250149167,7.330832402933407,36.42901563614646,pomegranate
20.204622229760254,39.65111700164714,43.958325938277696,18.407664815741928,87.62274321814985,6.372140960438625,27.353539362191803,pomegranate
37.90260505296172,33.00546693453319,38.04861601283318,22.135631734625413,92.21449157109572,7.382557857813596,38.22453023763116,pomegranate
20.60768904552855,33.239578593790526,46.86434261482755,21.868927230318782,86.14741958338192,5.752275316032304,32.943004225336864,pomegranate
10.754461799160264,10.631107073814059,51.685176117006364,18.227406176831156,90.95276841104055,6.578387588254628,39.53222035866707,pomegranate
19.368525573905664,11.908043091333921,46.55063903419385,23.88767319431271,94.9684928428144,6.360686347378145,29.804481137451138,pomegranate
36.26613187807996,15.737263872283641,48.4628674509878,20.840000969266633,85.41082364955555,6.194576948611395,28.978427837540117,pomegranate
27.443646157739472,38.46371493075755,38.041415621359135,23.680261574061774,85.55359816938409,6.5762420200796265,26.05825095564842,pomegranate
37.36131964522557,32.990538416721705,49.73849733613777,23.76727467137265,91.47519795570163,7.4378887943485825,35.70936921797157,pomegranate
36.98634438328987,25.51395676031914,33.51193238945588,21.69724404996112,86.26872828063094,6.68498695835281,32.237395907914944,pomegranate
24.90301591331127,10.301409431644949,35.845214749660926,21.439313023384916,94.50503561589134,6.267218080710316,31.36558039080452,pomegranate
28.587843560264886,28.11378271858354,38.967784502949996,20.875714768971996,87.17699798857232,7.432042918260417,26.959515723360397,pomegranate
14.873471382656778,10.775169166600335,36.65338475800639,23.463297968661085,87.0117523228888,5.660126805057931,32.11679769766785,pomegranate
0.3987693893807398,12.542984632789995,54.228776086889255,23.400313414017244,94.15138820404896,7.209030871821499,35.24763344859727,pomegranate
2.0933142920265135,33.485458539599726,55.36532432521682,23.59357502040368,90.08479035308027,5.965803677298963,37.6799496353309,pomegranate
29.086512389605538,39.422835231665545,34.670777932677986,19.579652081364387,87.11798149881503,7.085079535242674,27.80360944675177,pomegranate
2.6663931929322437,39.956824197568864,30.744516343354473,23.84670842111206,88.65366841550653,7.183230919515631,33.31930736816717,pomegranate
36.065249179454405,37.7857895924388,30.272945438423278,18.52788523194952,87.50358729570856,6.838630832727003,38.32408294767259,pomegranate
18.39767805175851,28.209193488227964,35.654995583866835,23.634767837171797,94.6732811135347,6.037197865829195,32.4223892740082,pomegranate
3.444644420254952,26.774099693889053,45.083503255400416,19.01105538908554,89.42066213118075,6.168209304173127,32.827463129577836,pomegranate
23.42617341715197,10.254867358216286,52.830179488486664,22.991100043032183,88.66286386206522,5.605871871137636,36.32398809677576,pomegranate
38.2070064191253,17.204547880660428,39.70573841211114,19.286690226372706,90.7693612334484,5.80968278929491,30.342909151920693,pomegranate
27.880520557370517,26.803479490280452,41.59387692983806,20.941747212652793,90.6211088262323,5.511729455774322,26.17764802680415,pomegranate
35.250322710520464,12.336369672738723,51.20410788631516,24.44026714876337,87.7068360430173,6.2409828741190285,33.533821087670745,pomegranate
35.268358785543384,38.257167617812605,52.18689744333804,18.606338325982858,91.69154155534851,6.320607443745324,32.060514992365924,pomegranate
1.9659356138070816,15.731864180390746,53.71540822600943,21.177711831335017,88.01662241631149,6.268038147929916,37.8159926998852,pomegranate
29.959960696198277,18.169461915432485,33.5250552063712,19.763987551508503,94.20756451054734,6.663177675699511,33.00220313117174,pomegranate
23.85574398769846,20.98084797239546,54.21321060958538,21.663003745101747,86.16747902768796,5.758130249658126,33.05288719753928,pomegranate
37.462808722833564,19.25056365028596,56.08623506577655,23.348669106052157,87.47812442906907,5.572681496632485,26.52770897713574,pomegranate
29.139757353897608,15.990092141219401,41.138127615161814,21.511894162044975,92.25468168450163,5.7264624465182505,31.095496079161922,pomegranate
19.402916365707817,26.22481191914619,54.5508192418565,19.20174736530252,93.07831451826623,6.885756855393304,33.33806221298439,pomegranate
27.981114816102878,22.360532168549692,34.151927579043736,22.66035668185757,90.24672306685622,6.778749601085551,30.06998171542735,pomegranate
36.27466309359343,27.62109605726731,32.562074528726214,21.148627934931,92.56356054743634,7.088269123464545,32.41895579145638,pomegranate
35.78990283325204,18.030053115828927,42.317960917148,24.29017837398279,93.9625671647158,6.871425537649362,37.8847082068333,pomegranate
3.5509306782493066,35.94984928623329,39.618597196506805,19.248320586997515,87.39369836342047,6.335937016027774,28.767880069067008,pomegranate
12.82270344065996,14.049354582149263,38.885302966769956,22.005986701794008,89.41853708091064,6.1934375224718226,36.19678193285671,pomegranate
35.740398855732714,32.70367668707191,39.96002106353038,23.211095174862876,86.51980182474051,5.760635976182582,30.184405555542384,pomegranate
32.30809476176228,17.390447417269055,31.897602266960387,18.921966746444486,93.58744968529581,6.7675665694945755,28.79801745054965,pomegranate
22.211833013127254,25.827388672760513,49.66307935321984,19.632312880951314,93.64402987194397,6.118737124160026,35.41197480964355,pomegranate
0.6449858548885956,21.179713896824417,40.55129453876425,21.8043910000811,85.72736261777196,7.080262747452217,28.266712026513527,pomegranate
27.081512595280408,34.0963636973228,46.856308687245395,23.1861824470539,91.61860312215006,6.211059594304015,37.13287808550348,pomegranate
11.788054795421118,27.136387532545516,52.361932174246185,20.652691368687552,88.02767607617425,6.418692020345645,37.2694524152373,pomegranate
37.19687052582659,26.352502385796704,49.84398615970956,24.3229153556724,85.98546851412942,5.96415715573233,35.63350009377373,pomegranate
32.949778476491986,35.71087084991734,42.45321530564798,18.625379316043066,89.3778147729962,5.961469180414108,29.367946824949364,pomegranate
30.89070227350023,12.265812580776606,54.82743652442106,20.993683600769184,90.96063931100595,5.679304462471358,30.060386175359195,pomegranate
3.5880367605938313,38.84631168643328,54.21784947978752,21.21742928049522,87.23602548323672,7.366910210499705,30.168948935904577,pomegranate
6.43937726749499,26.894931653618645,58.31322361034448,18.026812033502257,87.38124843253999,7.376895280820815,27.56628950285743,pomegranate
4.529738065592794,27.105616473994132,55.85531469884489,21.339768723857482,94.94564256684525,6.858343399075986,26.111123608156717,pomegranate
39.71328526727901,22.236827103405712,38.62207601536448,21.9051542850452,88.04307591820864,5.672915014240305,25.02142514618765,pomegranate
17.983334116810493,35.10590266679777,47.16945556890229,24.994451092604088,87.86846645647199,6.060910129520111,27.396241903509164,pomegranate
6.562543530613407,18.555597880301434,53.78520135820581,24.340297534455136,94.75087169707682,5.9645793081929055,38.21946318421138,pomegranate
13.130203571093482,13.385216335506533,56.100747765604964,22.45273944250533,86.64730896081062,6.359662515026005,29.308865423156014,pomegranate
29.47178274840788,23.60248691872804,59.67839835319155,18.383214875817167,88.55015266136246,6.463800334219955,32.54700332122479,pomegranate
12.637432895425471,31.87720747292704,56.24241220466924,24.571035113845042,93.05093376799526,7.201160394613199,33.258179509299936,pomegranate
33.03552905707258,19.105117274438566,41.95436286327643,20.21839109672981,89.67387335447926,6.071159232477273,39.4241716338167,pomegranate
12.513785120226725,12.941336143328195,45.8045149815124,18.399693549116236,86.10543166308581,5.938778778392493,31.965253748232126,pomegranate
17.330037292361116,33.99075586008374,52.1842396165234,20.98422805793491,88.3370420757563,6.132937568122998,36.609926309410135,pomegranate
2.0828962488507896,10.384649485318175,53.86633175779944,21.340024631923345,86.30881138553576,5.971131869189002,38.98755929646074,pomegranate
34.38011902499592,31.293551506719176,44.4667569101198,21.6422653833397,94.75244535283959,7.431540887768574,28.229035686787515,pomegranate
32.444182652212724,15.917279985010504,36.406124336518545,22.732651239152037,89.05001098587549,7.36308881421304,26.33514602344013,pomegranate
20.461025632379723,37.55564591329364,57.123409814385155,19.095704493910187,88.66637700096456,6.738242800093392,27.390923271571033,pomegranate
38.72088688182955,37.44247986182981,35.008505371034076,18.8480882288269,85.85408482808265,7.318887328073262,27.90435714693191,pomegranate
16.65139714177419,23.465540969560088,47.97033132640703,18.502147406231973,87.26758617400516,7.362980773837852,38.62615160902854,pomegranate
31.251625896227686,10.582037368546462,39.81020305488306,22.395711147400355,87.75190211773476,7.319173390107554,34.508341927486626,pomegranate
2.876268692657824,37.27016766507109,58.732999745286676,18.54398692874208,90.32360234861315,6.106728564428341,30.892586147221035,pomegranate
7.186048718213676,27.342163060372375,58.73938059746672,21.521508201901263,85.8291458139448,6.740002666954817,30.103344916768854,pomegranate
34.237007583651916,23.040344449494107,35.78518826826737,19.337739358838014,92.6876418072116,6.03117519661472,36.50850091238834,pomegranate
8.235492430663975,19.650591061039282,43.96460917319098,24.602370947854155,94.31731424753825,5.913743750844576,30.373285618646094,pomegranate
5.975975538150893,25.299552379404915,43.817476520839996,24.305321137155126,94.30005377791073,6.267134782014584,32.376069145284845,pomegranate
35.849449965845324,34.201234232351844,30.10968934033948,20.240416949285077,89.21774241936126,5.959432567366464,27.99357423843908,pomegranate
1.5113802638271867,29.301091752092816,37.87530871449497,18.366430249019192,87.30979310528063,7.103827905672253,37.772337724698204,pomegranate
19.322649807732105,22.482120112260585,59.33561080505345,19.403952617116488,87.15359282854608,6.083734354072799,27.591359774216308,pomegranate
15.174623928167463,37.325026809692616,48.46043521885723,20.883625840285845,94.34410794571215,5.596928464951644,28.15414266852792,pomegranate
22.63554420407036,28.466578695795373,31.186725196878395,20.821271305349924,91.49153964830873,6.896141092806803,34.57209853774404,pomegranate
12.822528974436981,12.805603707937285,42.81337339258002,18.901281061576388,94.47623658520666,6.450341732045256,29.758887615353014,pomegranate
30.652162844756003,24.938457777467917,39.3010207203735,23.683774196735612,93.67152151001122,6.846016332577354,25.704466336115008,pomegranate
22.652915206661284,32.89884735991845,34.09509036250746,19.600695259692223,93.82495105068136,5.540243443706148,36.29090706738964,pomegranate
18.950931700576916,23.403164765188208,30.212895974846614,23.73578761676545,88.59824900636566,6.581531262601086,35.15951029503489,pomegranate
28.105183057516633,38.67940176478217,45.940198597098274,20.798036856820993,94.53703626491708,6.784220470051042,29.472255344148333,pomegranate
5.058569816142846,35.27663504395544,40.865448083824546,22.623288049551018,89.70816419365899,5.897859559590077,34.02529912930697,pomegranate
2.4273227580272927,22.400273796135767,46.39844818991013,21.052328818830055,92.48672175250991,7.155849909090625,36.56864611049767,pomegranate
1.5525179124720845,15.823863113379167,46.09822527791323,24.54375428310661,93.34956775052117,7.185069016703603,29.548122906395122,pomegranate
17.177915883148103,24.12117841947812,34.72114750049731,18.217476911711195,94.46902899460517,5.981425171327014,28.599233555854468,pomegranate
3.3351621507503815,37.85523255831336,47.39211344819316,22.669257999877477,94.11576887263053,6.191240337801579,34.32260966707126,pomegranate
81.5519781891555,63.73545056462259,56.624916101798846,32.667683563383356,78.50642691457146,6.065215941661319,153.35544335535795,banana
80.00964018740538,64.82488672076056,44.164636172164286,27.504829467497636,83.05905842533441,5.919510784819665,119.15213220501482,banana
100.17053843172127,77.31290072745463,44.82699407675,25.785362427927986,78.56404735849665,6.621477736847467,155.06905446947945,banana
112.6717347829739,79.19184295218469,55.85324953503234,31.038030788437535,79.93341588052381,5.5601036295224,198.43219788140414,banana
95.3392449030017,63.04456427833733,53.334177107929136,27.84288289095459,80.85778270931047,6.380151861766887,144.57298209028693,banana
113.4447446218017,65.29934123110885,48.972651832354686,30.376921285909717,81.636247207673,6.675957775758384,139.4807282878256,banana
105.84187776386383,63.01221906137038,58.65296201084957,28.830588064210033,82.29521421976439,5.5305116228232665,120.5187142904807,banana
99.48330177294312,77.56504935464693,50.545102999013544,34.29870482293879,79.83796896582797,6.235673645103925,111.97467885005318,banana
112.1062497660888,64.93930824934125,57.9922497874463,34.10824220330396,84.43310111874149,6.280345733654635,167.70937847836444,banana
111.14063520246654,62.62029237300931,52.019143899949945,25.342979013033116,79.97566083388726,5.732264022430341,118.29229259620847,banana
94.60190266770405,68.64874333433006,52.46344849064374,25.744284184385158,80.03691761237445,5.773937695379652,157.39751750317419,banana
105.49618449044735,71.13418513105708,54.76591020956615,28.356092442409015,82.6510659163313,6.14915062256229,148.41844983225968,banana
105.92408509044286,60.367167679984476,53.07988442840497,31.185851490721156,78.0984711675328,5.628691427349234,109.09354499130411,banana
116.92894987940915,73.78558642451674,42.54205227541481,28.567231693089063,80.92482993901596,6.753357557635973,104.36609287130085,banana
89.46532525880036,77.7949798059076,40.18331100367633,27.013991027938875,84.59024175972966,6.420102769783257,126.16713666375065,banana
82.67964377583391,60.56382680894444,44.89490159273855,33.8148581958891,79.15913654297509,6.58050005374899,191.82850353799577,banana
96.32161846411266,63.82554742074794,50.34235861713839,34.080836870598546,83.043744141377,5.598744765044731,169.2572800077582,banana
102.87590089835815,78.14926352692851,42.44962833700595,30.340361132046567,83.79462693511893,6.115035680112614,148.1994917732867,banana
82.81842710667833,65.56287280897821,46.49013298337895,34.45122448744887,77.82667360541159,6.191303102904478,167.13044235642798,banana
86.48733489631509,69.72884774283749,54.770780789518156,33.66855213027066,81.26259274662426,6.503580272975421,112.6283472584569,banana
117.83105988985389,62.65148154968965,55.49345874363597,27.64816321778319,84.33593143701252,6.579939309054219,175.3813712978369,banana
88.76236692239533,68.86079953270321,52.35626389178573,32.69973618206601,76.03959375912389,6.943547974681793,189.02206705545558,banana
90.81394361982338,76.45520486064663,50.36647846079647,29.618064815620187,78.14434105811405,6.371452879947388,172.98891177035978,banana
96.43731619851033,72.58438386016584,53.98625842310608,32.11121817015286,75.5196609813118,6.7896217085276005,145.8253314765048,banana
90.49664326784858,64.83529014959363,49.66028225687901,33.86831539468959,78.78347581682647,6.624588620175315,109.68187309872187,banana
99.04226808604247,79.83372280785471,55.40875605584674,27.10528488440613,80.0144147369791,5.85043714547285,140.95609272625092,banana
111.20336094939859,75.42449630580808,44.5620075580477,34.2222331815486,80.92568182764826,6.069886436443022,150.19355807808606,banana
104.20285013750976,71.1978106369157,49.72810071072357,30.049328040894,76.76411910427886,6.7190993564570185,154.17603199410155,banana
85.24319446818812,75.32314203165556,58.64887956754701,34.47306899236962,78.69017732411173,5.703275310341131,151.83996266330652,banana
84.50436917396883,78.67974837025234,43.67159254710292,27.52765859951164,79.06636526884971,6.074746702838689,179.46628923978892,banana
98.25267282203849,63.41536520006674,45.34419790972148,30.09113385187522,76.47453917426135,6.417483513469021,156.5747306551146,banana
108.58809265529031,78.75409230758736,58.24509122202311,34.460756180688314,77.447155970237,5.697347959959032,130.22767004964484,banana
115.80340691065258,79.44106949246977,57.18649902140952,26.100177211275437,84.47427998059793,6.1350370410261785,100.93102907623536,banana
97.69574962992775,60.92138339350935,50.877558423222354,28.385540274370513,79.7343493359405,6.419755541114675,186.88010958178202,banana
106.47606305887714,68.6809773695636,56.3885570734073,34.05582137573132,76.19759966432197,6.297899466329187,128.4511959742444,banana
81.88244791507789,73.3709339022797,57.25541554918451,26.62902654477394,83.12413657623901,6.780093600305412,191.43404426664836,banana
90.6114035634421,78.07906130379779,46.41325509472865,30.523380134555026,75.50507470832282,5.565821632553115,172.0373212732203,banana
97.77919911911164,65.12584750738435,43.808269920498205,31.69953490859218,75.0040154402534,6.708836753795281,107.92496061299288,banana
87.65958459632478,67.7247279059818,49.69717479432207,28.549951158139418,78.20712164984293,6.945874018109783,164.15796812433942,banana
80.93731821469552,68.60351816888627,57.500173994879404,28.01456186410668,75.94556344774388,6.637577157384877,160.60138319360811,banana
102.81250031306016,61.07153119214816,42.80998019591035,31.22549396213114,77.07823841458836,6.256105119622637,154.48816860293934,banana
91.34028761083758,78.96850311082986,56.8492821367115,32.22373507632798,75.77993866409409,5.659195028963529,149.27813458649558,banana
86.42853396763942,79.56530927058948,43.17040468054819,29.87467835463974,78.64121056841505,6.4590796321811474,112.90364088894249,banana
97.21265712169563,65.49410065614288,57.755030493433765,25.40585712134695,84.1372749400646,6.7494912078295,129.75707164408155,banana
111.57162618708419,60.62427120677495,59.337311005867875,30.265949425897894,78.03281026065446,6.043874818892015,106.64053534604973,banana
119.57398056168157,60.78583890301385,53.098142462957185,29.427359277064582,84.48916218188715,5.868999610460193,153.20868239380113,banana
99.29424834331012,74.05732888100202,41.36020463904841,26.93789130023355,77.14564820092849,6.607226132262534,118.91386963267401,banana
102.93967055563907,64.30487641001908,57.23249900167957,34.421854544896384,80.18492974942241,6.0284633263137675,123.40577750174991,banana
81.99124006092175,65.37000152394991,53.08471559890636,30.336169313092107,84.44041278280928,6.094415893737551,169.38633423283946,banana
99.57290989900486,70.25152431848423,45.35548629208235,29.549507768419996,79.70784997012707,6.5599637826234005,194.0639999186114,banana
93.17285109930017,60.84400937162597,49.92590251001279,30.444613321491687,76.68440551131916,6.6406969094141,198.49291084414915,banana
117.83098868033844,63.94212077647305,57.507264798015214,32.04493636411685,79.53846563806911,6.310916491487093,184.9600174982458,banana
99.20539758553493,67.46414738210254,49.864949860519715,30.79129804035049,76.8907765377835,6.851361595400486,167.4186948829614,banana
105.33075669349955,61.989924523612764,52.083478763451836,26.209606622384925,75.78697675195399,6.29096634346359,140.2785534046495,banana
103.55241080624893,61.784443361144774,48.619661256945164,26.74786715045158,84.87100085924116,6.341725318652761,168.74368609408674,banana
93.01673122730432,61.89477829558688,59.517417255670736,27.862590353831834,79.23808185173574,6.474795882553862,102.46972976861113,banana
112.41036522069147,70.7315638005724,45.56434374137644,25.616079852924692,76.62498415474441,6.842550788280155,168.6024223935891,banana
89.99606886547559,61.31201529890059,53.81230624773273,30.72407725967765,79.04519524458235,6.045417173785095,121.68142759291084,banana
106.78445026150071,79.4133605558774,43.51430491673652,30.971166200155032,79.24185055745976,6.170033082616998,125.41472801278144,banana
113.00539502645677,69.70511208294482,50.868117043965285,28.047609127973256,76.8180846566695,5.628865582304231,171.4119140924916,banana
87.84937126751423,73.80150708377596,47.80752892093908,29.157748009896515,79.69177496092772,6.051562762191315,110.06199772225901,banana
92.38527240011383,73.27468721387876,53.31568802937742,27.862243072399945,79.60102626557688,5.790170842017906,121.03720815298358,banana
80.92188353626429,77.9349309981549,44.21413330149812,27.275338769364634,77.79601432645131,5.691112107543144,163.92628831813627,banana
83.00571812710346,62.68404852652701,52.89513453180186,28.39660620481443,82.0794782670119,6.336137117005213,125.60211730615131,banana
106.03311801957312,62.32547360585761,50.72820766160061,29.371481050450345,77.67873582817441,6.40600749660925,187.13335923402826,banana
119.95618799052306,72.15525537486849,48.0941174865834,27.252071002162015,77.57096089395112,6.219182467224648,136.72777012807092,banana
116.55258090499777,67.36590935311419,47.46889182290871,28.83534512433977,83.36620210367659,6.476182481270353,161.41688503188925,banana
93.36572089535449,76.35808353664879,40.76727722711402,33.707971723381135,80.1274989979393,6.097375352295119,149.71672807176856,banana
106.69662122135324,60.25530853035795,57.431037129164956,29.467395253113928,78.42966519700079,5.7073683484510855,143.94653743584422,banana
99.85291085137516,68.07293388986956,53.573201876537944,29.20896528759226,84.61417577846574,6.398916276735388,180.74779356519088,banana
84.37423612437915,67.94582585891811,46.73695402894305,30.69482388136592,83.61113520061426,5.61750732664301,107.25747980447107,banana
114.01270832630397,64.25700172076715,53.37506508899627,30.42878132360805,83.3289359488723,5.687633364754605,112.97829657226113,banana
102.2727344111323,78.92757306716742,48.299955167415085,28.26942100254695,81.06689323197885,6.895672900817546,183.69278328446237,banana
119.8193444293288,60.45137166404754,42.257162894255245,31.09467763366622,83.2057643933385,5.92786651346015,123.92110880342187,banana
111.47903197524803,61.127637077064634,47.3876529516517,30.058092225923296,80.60348674350324,6.592922735189165,135.48457234306582,banana
104.50737378698429,71.70750845581912,50.95232201307494,31.40483293142212,77.59449171068076,5.6269731303769435,111.92716720397434,banana
88.98329530615604,70.0039587104557,56.808855010920404,32.01293342088384,82.89040604202047,6.026463435889137,140.465374164855,banana
95.74727543962452,63.83746368809003,41.22433316287144,30.909160928272268,84.89216683420587,5.750244557425394,104.66848198992737,banana
111.18126727295731,65.05172013369449,56.59287610705857,32.03936667034515,84.45673537050804,6.113390853635008,166.1969839450634,banana
98.59419123253083,72.61177394617087,48.99197812015475,26.88632246424075,80.07897416003381,6.292876302156164,181.0603848260161,banana
109.42082823174324,73.27583247882887,42.26774191105145,32.20616290663715,80.00305156354514,6.841149304159239,191.98709341305428,banana
82.20626362407143,76.41283120708957,40.75394780845341,28.671696256950227,80.42299975621079,5.722151197940692,174.63138125690767,banana
80.33418816688554,63.37198096868074,51.61593659706951,32.143875620372924,84.16643102693916,6.558244977901936,167.1779270254866,banana
95.77364585402657,60.02568851053603,42.40318517471244,30.34554544756039,81.7512988584442,6.126172425844693,173.06790115283903,banana
100.87449181328715,61.483523911886245,43.84032501935898,33.39998223243943,82.24912746624439,6.842142980518743,111.75572491209365,banana
119.60890138460296,64.18813427899867,40.23559752573284,34.97422939053554,77.81073885445113,6.50202917876884,117.66823141763052,banana
103.20914128796566,78.08069972909118,46.40362334856877,31.702539760443592,76.87903588798416,6.437193098078088,133.645035181751,banana
88.44833034351807,66.2636410140727,43.57682137015599,34.01916107837883,78.9718688631713,5.867918957461551,144.84078410159327,banana
92.82144667225982,74.88838507626652,59.42439823770989,29.380336566976467,83.6103339997224,6.3487946103394295,115.72356650942335,banana
107.62490968325366,70.2686899425164,53.01213046504207,33.89687412571665,79.40434570656046,6.851766434826033,175.0669014281655,banana
99.5441970351194,72.06444271315928,46.51162265038023,34.83597299738774,81.67351163050395,5.565770278744945,132.6621905748009,banana
104.9325773503623,61.12666555598479,40.47768382638286,29.500242395278025,78.3269017969267,6.157447912049749,126.26933098800052,banana
86.58870987771924,73.78286713960675,50.29142232535601,27.001542112493667,78.19589426259998,6.387711861494989,107.22293482724778,banana
85.89812037064718,61.464912082147805,56.24634665428238,32.52409233212009,82.53312931879258,6.574488015214042,166.93854236698692,banana
99.079676615127,72.84556327014229,40.76723109575949,31.214644226567845,82.77877705536878,6.250537540576586,135.75133284272368,banana
91.09706939203916,72.85604100324164,53.85602397259817,33.70967599862543,78.42334082460991,6.6546584610783786,156.13558241893378,banana
115.31345962712317,70.55624216591241,50.352596567959345,30.778770814409093,82.49315355142434,6.947035718242692,107.35633542157656,banana
82.13738409564068,78.75100674814678,50.597512510364126,31.14903014566936,79.82423601594729,5.640486178911212,176.80893784186665,banana
109.88898580354348,66.23406642985624,46.12478490456801,33.37841380905519,75.72357257741326,6.821657722534849,125.66616898959144,banana
103.71938991021976,78.71988358003556,53.56245003073293,29.144298124670364,81.89534208905415,6.015969454474555,127.72584163491861,banana
19.933665558693594,30.015804623595756,37.894399547636354,26.131737859315912,45.98321658310096,5.562113752070311,94.27265693109985,mango
15.240654420781022,25.747583808877103,41.81570143878229,24.20055919855933,52.3350415285188,5.974140782348356,80.90912101964025,mango
1.4475278638824496,34.08263283142145,29.465108021387216,29.53384665290151,53.517863100733635,7.4710482665104365,94.25729793252634,mango
18.616657283516147,15.106979773884458,39.964776123618,29.41830391861509,47.794411339579085,5.6922517034643025,78.07157589824445,mango
18.673578122658704,25.847731203808774,35.54912927443464,24.84675670979593,45.01579022186438,7.120280181490923,35.94682037327978,mango
12.67699637470648,33.29232909030383,29.17303826316862,27.991637017421464,46.57397153415019,6.707510287675226,45.49146511915034,mango
14.71907121030356,21.024625895878163,34.267820176092926,27.59658325216573,48.42546821332479,6.983275637235241,62.830042579601816,mango
13.24743719825507,18.165661013987474,38.76235318412701,24.769128436862772,53.507129925399674,5.994412147477753,118.54690617852282,mango
5.240700090137491,32.634346127907925,42.83640422813225,25.178647891336716,57.276918900154485,5.675435283439929,73.94213745020365,mango
14.266434590025446,28.188464936998326,37.49401338813216,25.695245181974663,52.56049898868804,5.705892289400572,114.87785255420012,mango
10.077775935825471,29.175312646913092,29.978870495937457,25.946629371810396,51.68430674520229,5.551484819494433,67.63098410382794,mango
16.06609147036067,32.94596991499477,35.364366312718545,26.73301017131532,45.616492373987406,7.258408675170765,26.62627667823409,mango
18.895001604204236,24.784324973761812,31.83868987149453,29.54531060905596,45.48781986220193,6.662849789738174,93.61656556241721,mango
4.3864080242276415,23.577748627004212,38.045280118875404,28.362787181291566,45.0143371741316,7.373706860182031,45.56567154910155,mango
4.671608684447184,20.269468913876963,25.756402731040705,24.73831274154195,64.72699845888324,6.130433474754572,39.412636292381166,mango
2.1398252234924664,29.389199353399437,42.09137328065282,25.541713797050818,45.4181902467047,5.946180036890712,32.064461349594666,mango
2.0678987326008302,23.630162396952848,29.59836741723265,27.09567527115254,50.069875065143805,7.381074602205896,138.24299599078307,mango
11.33612210020932,22.088479839747723,32.622937640694715,26.471113698866983,59.55158644269888,6.403277991037676,132.09124331323716,mango
18.88189571860729,21.71892306757868,36.2138896275136,24.570339220995386,49.00938095532718,6.32693153342032,50.775339487722356,mango
17.53120981577435,18.16572512118196,34.11321643106184,27.634195442759253,58.83727816321689,6.266138739453013,133.63738359059107,mango
11.36638302155851,23.790155608951036,26.344812681040732,26.78813681067099,61.41471681631461,6.729082036442631,129.0203067161398,mango
9.880233411986111,17.36923410188964,25.27279691671762,25.819317280311548,58.959809429955854,7.0805198078833875,61.969104327541174,mango
9.913078417664941,23.422378088681633,33.210455687028556,25.388092279200904,47.727422100589166,5.8933771164624265,31.91654839541826,mango
3.962614836471541,15.184017952507588,37.545168012719564,25.898252444326097,64.46289422853818,5.8874341015525955,68.22857128869924,mango
7.156823172830665,15.16902992124921,41.78415906078918,24.19196676086595,63.803596694584826,7.284148702187242,91.94023951074544,mango
10.871911498225842,28.075558459123126,32.74100023869774,27.883333700387134,45.895367773769735,5.608095254699453,82.15380245244305,mango
10.9924460221207,32.75635280671638,27.093212678157926,28.935887563163334,49.20094674584139,6.288167297020063,64.57530435342662,mango
8.00310545730798,18.00990996145171,35.0714014880711,28.809855538988202,53.83068020757794,6.481227151796398,131.09594816016428,mango
14.121162292760616,24.809088170395697,30.153912963783593,29.309560481069802,56.54040803381117,5.942295220221387,58.639969079751296,mango
16.06266177872492,15.88291124174911,44.8418437405764,24.78211007828875,60.92137050793875,6.2895506335433655,86.52702291093335,mango
17.613011549291556,23.258223791784264,35.74987507346469,24.29579797445502,45.04694947734906,5.989599746003452,110.07288661484591,mango
2.425297867182734,17.275239176090988,33.219212160718065,27.88702223164936,59.241439844958606,5.856901348196749,34.948518421505305,mango
18.807940678910885,20.213327651242032,42.066929952174476,29.18094870277691,60.45045183525089,5.83766721330514,127.72518240677505,mango
15.385011184831734,26.934459802124344,31.744040703379056,25.575051625599265,47.437784241607176,6.519514133801743,98.15760943873082,mango
7.186779810315745,24.50718135361737,32.270289147385334,27.846036343924208,63.02518415593127,5.82784052409389,72.67610123789044,mango
2.8173720790172263,27.49887540815664,39.57741018977192,29.591476395584735,50.5774385252193,7.40042241173086,32.907833977584346,mango
12.060277267291763,16.1426543868666,42.875483755238896,27.178854342420323,58.38696701525592,7.163147851820905,43.788827810496095,mango
0.7718312387626769,32.57762291825704,31.29866454917865,24.77387344756299,54.36922474174173,6.696612151392038,28.871325427813765,mango
5.497913165141755,15.65599748553792,33.40670778390998,29.370600174397467,64.65304822987139,6.7740951070072555,45.20471172307398,mango
18.116987799986116,25.32495646400121,28.074986242058362,29.53036001670997,60.14938101446206,6.963410545446303,113.64758797430058,mango
4.006796421928847,19.220133834150523,38.7658599685451,25.318336500662383,53.773433936060975,7.064003651187883,122.99406476223012,mango
9.065235450517193,30.8437987655049,41.77243592396114,27.928654507705563,49.5685170461684,6.048023560771095,64.35514442609193,mango
2.33608215467904,20.463192407398903,29.190384486250643,26.73197249885161,63.1687509574453,5.708960633507916,115.03349049342445,mango
13.745660088262554,16.91508397326715,43.451448098116,27.41083321294092,52.27451042271368,7.013077166990613,57.170682300204255,mango
13.870196740926408,15.794224151444944,41.78816075218544,26.689025082127912,57.73385828715884,5.9424756396133676,109.63421408230599,mango
15.444805517865532,24.464263737687975,37.354538481235885,26.73795554293439,62.88182738515691,6.495738361028638,130.22608862860235,mango
16.02704116540497,23.21009642696713,29.6016898371495,26.436492795358625,61.5243475155044,5.9552650716387845,90.55454323221866,mango
16.12193495921495,22.069549502567575,37.84419274005395,25.473789444292887,47.1855889073632,7.088768450185713,37.371077926088354,mango
5.427627901591691,32.102188439948804,31.929385741573345,29.838272097084968,64.5946866954772,6.036552040907114,30.122277781236306,mango
14.101265684107583,24.019730052966874,27.015056879191526,28.245136913868258,45.62349818223842,7.240393380984484,42.331566139162966,mango
2.5462375749345,18.51344595937169,44.20532716984133,28.159016161523077,61.027430709272735,6.2952699714655065,67.03909093811944,mango
4.689680135663399,24.612960566248177,36.03657467068337,27.790649061916533,50.14237007997389,7.397308161805981,46.21981227589198,mango
19.313063495328247,15.297122450150075,34.622513836336914,26.00020702869938,53.98246827860501,6.641329157961578,79.44864475158863,mango
8.2969370060319,29.654468308266132,38.71752550172929,28.999627692215086,49.99917962478991,6.719057019508127,98.14934817410673,mango
7.394756217453775,24.721150838053617,31.275642866114573,24.851066385701913,49.27602421325466,5.711027292802402,110.38369689876552,mango
13.21454786218303,34.012127431597456,39.59356827294482,24.31227503253679,62.68490347857909,7.225350325891451,80.41504009658733,mango
11.717261010558431,34.52156664945038,35.64608727696333,29.431930970256538,46.66077515620373,5.882103737417365,80.09436793016474,mango
11.695136166746094,31.324557037256003,44.76524230286374,26.3331089788447,45.948312722801695,7.102343006590649,100.54758988535102,mango
3.9708571773640333,24.896569132428404,39.84620491067449,28.62247072241186,54.99236823997524,6.110429060257719,146.7178227548117,mango
13.267252219129857,23.164750386925974,30.609264484093046,28.386617898021374,49.843668911875355,5.843419977947376,91.22923612025879,mango
5.799747852882837,27.578102898472302,27.35877349748467,27.92964662740393,50.66593055995404,5.500485868869026,40.867007209272046,mango
18.67230755670188,32.34709278230716,29.672180640724736,28.670231427272945,57.171431863479484,7.441809422899739,71.70070744175739,mango
13.629212250343425,16.270714448478373,32.92494693632812,29.782905967129082,55.77961748900241,6.075759006669689,40.03387039107586,mango
14.070566803630609,27.897120868594534,32.47877427207549,29.705648111195003,45.444056259757005,6.107447703263651,140.1336857874477,mango
6.418708766388807,20.045056677103407,35.68440819862495,28.942810499523226,47.06293521756722,7.386041419291472,124.3841101476455,mango
3.625005111031039,29.240159223963254,32.699174452751144,26.413768068457912,60.66580184877733,7.425569615961464,40.83198410589924,mango
8.412604737576387,24.618832161686072,32.52623633909995,26.17913474229735,46.04537335123193,6.8710772411252465,79.52680214000567,mango
3.8958760528785352,31.320670046041368,41.05121496303256,26.918349768533364,50.96901322295521,6.776185451592905,61.019016972175386,mango
4.720158606474241,29.61029308052653,25.806504794419013,24.568610826207564,45.135763480471795,5.8058863729508525,33.62375108880743,mango
19.916047355598373,20.77619939908179,27.985360253384947,25.44597754797551,63.7225114308027,6.540320446048791,70.60226203848211,mango
17.467829158184387,22.899805410980647,31.700171399153916,25.243695135298413,52.55593647818823,6.133368712033852,109.66299491226762,mango
5.791654093414542,26.543994928451227,26.317843300639453,25.147734940179085,53.14810543222698,7.37389850781739,72.15649821446192,mango
13.281482423996682,20.101744448427965,27.540671519464635,24.351219600480302,51.10826997085503,5.815322053593816,46.751306002015525,mango
15.215186167739,15.316761418897485,36.15620251470869,26.276768283560788,55.13099999817094,6.625660474429206,64.17096180715977,mango
5.902177203685706,29.668036986698112,42.42553976242314,25.15548979475117,46.95237521070298,7.295591612784052,68.73693295592483,mango
11.026347813256283,22.19086289040007,27.516046726921026,27.535989869686368,55.502817035392596,5.905987118382394,81.48363058153473,mango
15.938950080312917,26.808522062157827,26.938346541339897,27.28812898337481,59.05476598579174,7.085406811561503,103.63969732928335,mango
3.0531632908156747,29.203465331803216,38.54683692163033,24.1465612976438,53.23495335180486,6.165900493924747,108.67650803170542,mango
4.322716246218414,26.81743845948517,43.26411923628345,28.786814233251647,63.42915472433061,7.45701193386538,26.333765875770347,mango
12.454825527549552,23.25678795517813,42.19708980670244,25.51088821205479,64.62058978230152,6.727415939087495,124.19217527860387,mango
1.7119910564553664,18.6691576951773,40.16807346068406,24.131919132235943,61.337559717875656,5.527898037383823,107.13985488265917,mango
7.301878404636117,27.229897054383983,38.92062813978227,26.054851315117826,47.15924896221671,5.639291735496531,98.61700282031848,mango
10.41310707468223,29.84402018242265,35.194710200078745,26.534674740185274,52.961743564724614,5.552893805195335,66.94465021208214,mango
19.520403150489884,32.471111524541776,31.587561340684353,27.526772430398232,61.94593491070988,6.382548673500137,27.24473296876887,mango
1.4902092363728014,25.20785442697413,44.38878751351757,28.159257253313207,46.41832382877139,5.878721751583726,121.41539290210625,mango
16.828795199124894,27.353891723771817,37.888463392596336,24.170024702300307,61.57060519163017,7.076550416341659,57.37939301291839,mango
14.173534399310139,19.297092128499962,25.806603221030258,25.206819255542264,48.57257753508599,6.175495993469695,77.30618714693226,mango
10.170777829954158,24.535077510166563,30.413492119305786,24.175024011444446,57.10203244474302,6.291489659694709,62.33401967344371,mango
17.338820856610248,29.934866155963196,42.15531096744884,26.969896768274765,47.61862504253555,6.892442872242545,50.759222492146904,mango
8.824593381834337,16.30001577897777,41.50616804845965,24.755643846285004,63.0619501409862,7.228461204523114,83.07284555490577,mango
14.887364086079813,27.388901476363067,41.061512846754894,26.59083060471547,60.716169684887,6.424913634130296,142.62072348034923,mango
9.727442016502952,24.25238543867459,40.701437231270255,28.929466150565027,56.089782286423414,5.859595626990151,83.46977886969744,mango
19.36145005819357,30.059723860783702,41.22325207758264,24.196952992915442,54.3571892526832,6.793242267315111,128.75408545350933,mango
0.9854730716554294,32.04877771283746,35.96801873483823,25.18388382345636,51.345104328994,6.0638591035031215,91.35737928605947,mango
1.0337135982226364,18.17072316999847,41.25386086751565,24.795623944480866,49.66792538916254,6.406741211208315,89.64011101416631,mango
15.272209592283172,23.946648533323756,40.797292420710775,27.710077842272746,47.26199478847645,5.812662876785677,79.62921568122135,mango
7.937787861780792,29.87088539274589,36.61474279594704,26.328798486013497,48.41520566900771,5.953674204650991,96.93762730863237,mango
8.46877609799585,25.298550177213443,28.413548706044672,27.977437514067397,62.05077481711934,6.015879013573802,86.43927822897832,mango
19.510546580418037,21.66483481101455,36.90092689847522,24.541174201201468,57.12030004958886,5.679263546609236,144.90442941547775,mango
14.313253041446227,30.763195762714126,39.082087215432736,27.538374216458795,53.99825562171011,7.216746759522125,144.6044584428829,mango
9.980723458081627,141.9190772119868,203.3333163995407,14.460610242757198,84.54482732955357,5.70928776153012,60.07439321636119,grapes
4.830124537121225,122.93754272216043,195.1983980903901,13.381822736031605,89.8064821956405,5.850272370669328,69.04365878720216,grapes
2.6703110270563912,102.15809795966445,211.0163805836998,14.848198100863744,87.60704806043896,5.649862798886551,71.43657542365382,grapes
5.072849486827511,110.2627817605009,180.46104056211942,9.564088682828864,83.09268111499695,5.616878760590939,79.71716880821876,grapes
6.172652970479014,105.86457760160476,187.96329251311832,15.052438740097717,80.64043523864788,6.362434130141157,79.22999358474294,grapes
4.934948413347618,120.25428708658868,180.88537804117988,15.688522696726658,84.13926058052589,5.770058466101556,64.13674221233217,grapes
13.080461553175208,118.72976639645415,187.1863715611965,16.269308977841888,85.65072283036693,6.358672054929496,62.34951797752986,grapes
15.713332038889122,130.30825540677665,184.60043747312392,16.337848758460648,84.4154728887983,6.444984785555843,62.83222701235799,grapes
12.85666781631476,117.18910204583257,218.2725868236351,11.959698743483317,89.621859094918,6.401485851100749,65.40766470621313,grapes
16.070835536528556,144.80218908115776,190.1065200868513,13.241326031879836,85.20180736566759,5.794931135803864,60.30529679292059,grapes
4.402584883950533,112.68715979537913,197.7439880527275,10.053229740960823,88.73254356691673,6.204911132731336,61.70400955119324,grapes
13.001849022798629,129.4145414382529,218.2488469457451,8.036250456273935,82.47932449805808,6.4277914793753155,78.64267830796567,grapes
14.411728387412747,134.4593494471393,183.6593183171859,14.166510017338803,82.31582991289,5.681218043613617,76.20606598246665,grapes
2.7007627336109485,121.08932366483734,217.54312958344133,10.22998466678411,89.77993423738235,6.494287985761059,71.11234309364806,grapes
3.4028548035431583,114.2247199573403,196.97971330706142,11.711890692298676,82.80635579876515,6.472229709216357,63.067296548314914,grapes
14.666558174337245,100.01846302476287,203.84730677609508,18.991316047448628,82.8793409409322,5.685525975257719,73.03359589756855,grapes
14.252028145967863,130.96137335283916,192.77267520085496,11.026428825911971,89.55918799962043,6.423299508269929,69.14633219785641,grapes
16.923877323087467,120.35455649354333,196.9755607229004,9.881155371191536,84.26406056491973,6.037416938599807,60.45008654857373,grapes
8.882260103508129,135.161029827784,207.20184225497079,15.62188386636722,89.09555428437203,5.51803200982523,71.14095172384468,grapes
15.746976968194142,124.36009222155703,192.95582210321516,9.635006781103733,88.87563071816191,5.970762392387603,77.56230393971403,grapes
11.717042448663367,130.33864524767503,212.170446175138,15.909866535201612,83.98054840678938,6.013633383928651,76.0609104935176,grapes
7.473005927459684,117.46546555458237,183.82760464232004,18.975013222660973,80.91036314945441,6.148209177448556,68.26388957605596,grapes
8.112387805108847,130.57983264577078,182.68374930519514,15.124469395417215,87.72031785972355,6.328212757886594,63.410607787875506,grapes
17.948381001563472,129.5265741331349,215.27419203282733,13.82336860532238,85.42033345097202,6.419038277028671,77.99819086709343,grapes
8.96321746738004,112.34856842360568,195.72681738257057,12.653171942356996,82.86866874982795,5.768579604332967,77.22125872959438,grapes
1.3972384136932336,130.49250319448174,186.91280205825808,12.134070720728758,80.61543034134837,5.769973636855462,75.36842142234484,grapes
17.700306490945174,109.96872183560652,198.54191357035688,13.643888575246477,88.73575305759735,6.262799052875805,70.261544367361,grapes
13.414944009435468,138.13097742592151,180.3815581610218,12.834680372600584,89.07243167277079,6.240313030843952,70.8568274866815,grapes
10.592890540702669,115.6496543921997,200.8208213456606,15.864598393561439,84.18363038428794,6.214153146392174,77.22464454520772,grapes
3.0936969636972234,120.3196160267841,196.32080365140325,16.249577648596738,82.4986746525793,6.140250914952277,77.54978483462976,grapes
8.362631995872453,140.9957064990649,219.72654955733913,9.273104599375426,82.33053187984859,6.450379751482093,79.16655372962774,grapes
1.95414550773517,100.67493251697115,186.4440009302569,19.95215340058698,81.79999616610687,6.002547606722024,76.96835452861022,grapes
0.4080322137641268,127.20200420163067,191.08101795478498,18.348018997276778,82.83461149264079,6.186755720281909,73.48439264894793,grapes
4.429870977192801,101.56596399407576,196.3699829514159,11.470317823590436,88.08977749613709,6.300364188455346,69.14047904385251,grapes
12.13024450646438,127.19167821941163,213.08632593710493,13.10002896947837,82.7544667979051,5.765034918140548,70.72384558564409,grapes
8.98296405464425,119.80543469432213,183.64549356358827,16.623244888282347,82.13736687981911,5.696953630208721,68.25516640554787,grapes
4.555566832356028,126.2736220288607,194.85853357337885,13.386940671113482,85.37169321604028,5.703535522481805,63.1150324573106,grapes
17.608438057472096,119.51756662741394,196.48374438530158,8.427345803274097,84.97976302587394,6.054169721611,71.17681741909333,grapes
14.140623386457687,107.98668257459553,190.08892536922474,17.72876558276495,89.47170616843394,5.63593274736732,69.95299109010436,grapes
4.2835250547917365,102.70329257597422,193.02013352504542,9.724251502210553,87.09933073434246,6.033725413671444,62.87668941980622,grapes
0.18483176811028734,136.3670672060896,187.0477762465699,15.274599706649191,83.36921913076746,6.085485938315036,66.31307253964648,grapes
1.7387912138450834,110.03275038509891,187.52234265916303,13.136232229275727,86.58283783426157,5.763806074946357,60.24139870601236,grapes
10.378747285295137,127.25917702115375,218.51481976007238,15.073649637118962,84.71172559378142,6.073401625897704,78.55801259724055,grapes
16.567562912032926,114.53404300137136,189.4901745462855,11.151603348392884,85.04421039715213,6.244049451228578,70.06438414365924,grapes
1.3559279165622518,132.56113151979915,212.23880514683816,11.473974381436635,86.64125739283351,5.926591901054393,77.78238711454885,grapes
16.904511163214796,123.6444399239339,207.66022183254378,18.600196412265248,84.95717010078276,5.813250740488822,75.07332275819162,grapes
4.401325095693835,117.4839016602719,214.62908948427173,16.69306808323178,84.03811005247499,5.714744502408357,67.11936781664473,grapes
5.68208298454866,107.92401795747342,209.73331654262626,11.024838642202058,84.54167470167764,5.885859446836109,79.64154757271262,grapes
7.8218448829644105,103.59921172585396,183.59303010288335,15.089044656236778,85.99363551738266,5.9187589904826545,68.63687384624059,grapes
1.0786516568174243,123.24459296751681,200.18957901521406,9.794591822683334,81.03839386110927,5.62357249059949,62.02056492982517,grapes
12.194163910735195,108.84171935813134,190.05720608749854,10.082865729817277,89.57835304448503,6.354617463151835,64.60989674703042,grapes
6.55132587844252,109.44517790372487,199.67503837843296,8.235326389691043,86.71368008896796,6.023158149817641,77.97277856602207,grapes
3.287853686568283,136.18491607275092,211.67844057866864,9.526174270602644,83.98559224144128,5.670152641144517,65.09441000915098,grapes
5.264923496610887,125.03063773115977,196.45643727041863,19.372793648075664,81.26370141947005,6.473692134850198,64.61277280428529,grapes
15.457478727637062,115.25364667777697,185.72325581669256,18.294670222954878,83.08860899236463,6.158855404226842,71.32887370173253,grapes
9.435126187817486,122.31187626918427,209.2895165636915,9.053274969481286,86.68180661957905,6.395812101398579,61.155763940397286,grapes
2.813066784673335,132.24843715159142,197.4912659297847,12.84258344976426,81.36966634544235,6.006770040717788,62.530906223927545,grapes
9.532409126210808,134.36268845327456,190.33057431548653,13.769434018156728,89.92015969396836,6.186650423354037,76.82713542610398,grapes
8.296952131210915,134.55374154066348,181.62036691765286,9.47493419050694,82.03070592920062,5.9019519246152194,76.91489756651526,grapes
6.92532101575861,129.45795370819582,208.37257179213933,15.034188249060097,83.57241968170136,6.077053341713544,66.84531185579492,grapes
1.6774747710402416,144.67617901837065,185.08729814530042,8.868180606032688,88.78530749207155,5.8018346608928955,73.00593948147015,grapes
6.580114593244657,117.6154421857512,190.48451888067186,12.116528069516121,84.10700400586543,6.220416069092343,70.23072388469583,grapes
18.87130434313954,101.88461772274489,200.1227329052811,15.010697465980618,89.20196986074274,5.549158523621427,71.46999169870432,grapes
17.07259857055914,110.88674776536564,215.0516939409575,8.228520911291502,87.3245462913373,6.433113221168653,73.14395323280124,grapes
8.78058487960896,102.01964574127231,216.80455253290515,13.643554672298897,80.28996744335949,6.189821071328762,69.63674507152517,grapes
2.4869063488482146,109.64223141896169,182.57962721823384,14.891522476502882,86.2202947925201,6.005742298355444,76.3420426600523,grapes
17.220176426160272,127.7030978507407,180.51025918829723,16.34275586897283,84.17999216920352,6.065557483226387,72.98161204037768,grapes
7.004732286541535,141.26943273273073,185.35899466999126,16.058141687372448,80.04359579956581,6.4246511054051805,62.25008266476183,grapes
1.8976846029514927,114.98534348735099,194.9426514415632,10.571600867874544,85.85121660927125,5.942914098041964,60.683511780821746,grapes
6.393041245106012,136.46948111079269,207.58806139447475,16.698450242958565,86.98116924083524,5.810973021383033,61.993278441535516,grapes
5.44934368066192,137.43033850833217,219.21883191132284,13.926164176898736,80.09700354923042,5.640044812134229,66.44161150632532,grapes
11.571706971858994,103.37921406123913,217.73429194839525,12.381004079412808,89.12584217924822,6.280521802757022,75.10874545031163,grapes
12.13439159564464,128.20527176733302,205.52012940864992,15.544656644306986,85.53728231398361,6.486414018482889,74.64581134851392,grapes
15.538927767850424,139.26082667876534,188.62559050903397,9.005649909140729,84.82894436598599,6.014080695619273,76.58363559899836,grapes
8.875671585646714,125.68838614949408,201.08283754053832,8.458433405088693,86.15214896596913,6.328043285774252,63.150010961516074,grapes
11.886634678531916,126.71247450008865,186.56739856225434,9.481562884768833,89.80051942976485,5.893719169653037,64.54843457447059,grapes
3.426490889087499,130.0420771112456,204.37781189309115,15.72262547584901,80.88006027511452,6.393534583498437,67.78532793618096,grapes
6.267388128607159,120.80626512614826,195.60264262990512,18.36292403766975,89.29260975197892,5.803453216449606,77.2787161491991,grapes
15.630462590661342,141.88634525551427,189.8300124874355,14.923509801451749,82.74544584740444,6.3240944904843746,60.106483811421285,grapes
11.296383257727921,115.2641544072363,192.9073482831128,15.738875886379004,88.51484449313995,6.109195391393326,77.06345957293445,grapes
5.291942237620599,123.37758346442415,198.02146156268304,8.139738794037154,85.5681214314074,6.161524324146175,71.8382880883814,grapes
14.72559797566843,125.71027878038848,182.67001019403028,9.397346289016538,85.96474577543952,5.774979191973641,61.592902580695316,grapes
8.592054868970935,124.94451691376449,193.14983953398428,16.645204426709334,86.43770608101245,5.832818361091672,75.09745057817122,grapes
12.973900850660709,128.68504204230558,202.1371080314827,8.136676017062634,86.96507183476889,5.876041791109157,78.85219420317311,grapes
16.359695421544107,126.44625112890905,190.0872792727708,10.444608719331999,83.40384837677549,5.976567943580019,65.92131020077895,grapes
10.298589907849657,107.44166914809337,219.10851251302,9.295094659579927,89.31944139654372,6.413578011402695,70.50720963638996,grapes
14.498205436721687,119.62217340876646,205.20138310169753,12.086911249053424,83.01159019785446,6.078229786169514,69.96259348367961,grapes
11.59072738299962,112.89972615791604,194.67831327267982,9.006775527546912,80.52276372272206,5.753457129673016,61.484937186610914,grapes
2.075494172694814,136.58177824272718,181.55494788066758,15.907313527216914,82.725577488154,6.3715456807081265,69.69984569155,grapes
6.111529186556515,123.29375210602456,195.27832076181076,14.771612776037962,81.14532868326349,6.496990502812551,68.51111755393435,grapes
6.964612794147373,131.95944317423192,194.5559762598133,17.999291660345094,84.54270724360426,6.219558413265435,62.14906432883773,grapes
16.922383711102235,133.10730940501495,188.4686711384786,9.743432116949439,83.16292348725625,6.476070586031904,65.13663149134118,grapes
9.122544178932666,101.35091015728014,195.8891011826493,14.855840185197232,89.53124612507965,6.016736044940064,76.38214652355376,grapes
10.94255285137801,101.83532560459831,192.60033100759097,14.90659409397324,89.50593965931124,6.359130359751234,64.56711228357695,grapes
4.40219660038327,109.05278352012553,216.89995585210013,18.23199383722065,87.74883432252949,5.8927351142242275,70.08761408597533,grapes
9.286634895903056,111.40291484017177,200.20112184595067,8.365958574233053,81.31810373497458,6.386589596168946,75.03359534062847,grapes
8.457368181181742,123.27176630277448,194.7999554383991,16.88935840592807,87.8418717923208,6.263285190203159,74.45223449668899,grapes
4.090086773855917,115.20864906582155,198.793817399347,11.969515897131867,87.54940200158329,5.829353524249955,62.764641735706746,grapes
7.980809040966081,144.0961494752071,189.03525651734304,15.34590390731875,84.32973049839707,5.571024567649326,69.75753211996118,grapes
14.043286572966249,123.09489891225184,214.88424254986325,11.467244199890992,80.86249171303965,6.436565611658006,67.56392699056438,grapes
103.05622205814534,25.84006252260392,46.486273277511614,28.296987229065667,81.35418849817827,5.936940620808258,30.064872264778195,watermelon
112.4492223360543,14.452984704535707,54.34807110810421,29.659790383473915,85.27772209068877,6.310043788391032,41.13617488342342,watermelon
93.0356057357457,19.513100618498342,52.05615064533519,29.915949433023954,89.37764559318224,6.793229437439683,56.11956874967004,watermelon
98.71396733168172,23.148886543549295,57.90133445872428,26.357704589948117,89.61762478345469,6.123679093103775,46.03789328876255,watermelon
108.39218853089488,29.011840261518767,44.89232548104532,28.476785869431854,85.20815586144082,5.902835710930962,52.18123939287367,watermelon
102.08889120695386,23.219476412993515,46.45802137155802,26.88764371096563,86.17354250988068,6.1073662214047655,31.943038894669545,watermelon
118.46561969261217,20.229350800852348,54.67840740575401,26.46628316133635,83.55131764025717,6.110746447700688,39.32188253249774,watermelon
101.76720463767815,20.869397399627264,49.94307631765743,24.808714709504628,84.9607547850053,5.753655850630977,29.41475252035178,watermelon
117.3058286936467,22.099000262954085,53.18980116249168,26.41076202200018,89.08980891914864,6.456895734369498,51.92094543332556,watermelon
94.74249876110855,29.20023761638251,56.4092258031663,29.123690778087262,81.72194267425755,5.906444811806829,34.9969309889252,watermelon
90.83636892987485,27.10816324208576,40.63769590417184,24.456599933884647,82.73914870629903,5.799809461974165,33.115086485899695,watermelon
111.917727570132,21.26253187784094,40.115413225859356,26.575936594225173,84.07884926850359,5.670917904166815,48.664962601051,watermelon
108.08388753517964,24.41786438104195,54.56941891117184,24.000316961593782,89.53920803846722,6.721313150581994,56.63935938062498,watermelon
80.62573181229736,28.677175915714788,56.19577057376209,29.02331485775219,80.93287384721968,6.608167043377897,58.59708413747318,watermelon
107.14189365672642,21.41122809249213,58.912593554979935,26.657622730406615,85.99293566310479,6.214507440241549,57.64961774761047,watermelon
83.0433890706203,20.022394016506965,53.739048827708764,28.75143923053342,85.83018647444136,6.863376616182181,57.96970064093551,watermelon
82.57276892774334,18.047410790827488,40.46918043442309,25.976499944246658,85.36868217970603,6.866192395764923,54.629401286289095,watermelon
85.09998906687943,11.860607494817915,51.78534677513334,27.192707834752696,82.66377641430024,6.849179626830753,57.45782433115437,watermelon
96.1044575336065,27.806051142270405,47.67897788525946,28.4209009909782,84.75942217547724,5.683874734760774,57.477697043295755,watermelon
98.16386373510147,24.68974080644807,47.343476288625844,24.113285271457407,81.00530358691836,6.244329219234887,49.148752499422685,watermelon
93.38941306317116,23.909769183553006,53.97271178863912,28.223615443966985,84.92521854020508,6.872329225182256,42.121878129321544,watermelon
98.01060773986552,13.98761638021254,46.153101747126726,24.25400695510982,86.3353529361617,5.872803615890639,35.64543390699128,watermelon
110.83258086657284,16.544423663229075,44.84391784026285,25.014346494802233,87.74858402181955,5.69455938698504,40.881381608762375,watermelon
100.27720464308777,23.747798253714294,52.66566964665991,28.864324037671047,80.44751433926238,5.944661087169096,34.80469415713829,watermelon
85.84067622368433,15.783565077128863,46.19530628285807,27.13130677156487,86.63704478926256,6.071650770417721,50.18145809596834,watermelon
93.4466135431832,15.805673546295207,50.823761117140485,24.142298161834745,80.79789123634,6.12695431537979,58.00194489871148,watermelon
108.86047119373694,11.762531390011155,56.926360255617475,28.393804623649086,86.10946525702653,6.7304394409137664,39.1438446710035,watermelon
88.8600420341541,20.240467782175187,50.97683511186948,27.229958232059474,85.65073791480106,6.923057377358771,56.5785968083681,watermelon
115.02868146235758,26.028336218172544,58.8685621453057,24.59096785007642,82.6512326144574,6.242583918481877,54.628707259319185,watermelon
100.2066284609093,24.960694786831773,42.77919810497833,25.51448287785936,87.31776095037672,5.747101013331586,37.29745771292244,watermelon
90.59465031254285,16.99723388444957,54.1664809815594,26.207083086856805,85.55263322607941,5.649897815581615,53.17561926321197,watermelon
94.795545025925,22.97068318066685,54.507792033236655,25.2579655326702,88.8467498495335,6.424336377410429,40.005379961301855,watermelon
87.29340734312878,28.846018758024133,55.1013640826325,25.248147376399494,83.37710774724225,6.714511387132109,49.348718212536866,watermelon
110.63137170862898,18.824022044258648,54.32952525284334,26.318962337183482,82.11262916938196,6.44901555226204,59.160487395957794,watermelon
92.42403885581318,19.219391844250794,53.48002742139707,27.249037692734927,88.43427795709049,6.6426140597042735,27.040402135182497,watermelon
119.93684935695096,25.048049074389347,57.278066325882264,27.907186272572076,88.56285128046763,5.668574462393064,37.170824244576046,watermelon
115.05683774417972,14.033104225337844,41.56484197160046,28.728713639671312,88.35486155643297,5.743978327284851,54.90210939739504,watermelon
107.47071182388679,20.40165366433168,56.6050038556277,26.515495495913797,81.93993956223397,5.9272790149159205,42.68074064026602,watermelon
101.25323170692702,26.111616528824673,55.82705447304669,27.48819934322745,87.80785483365476,5.7876601874405065,26.7522584482653,watermelon
114.945352905388,11.511089875255392,44.93376859487994,28.171913697746305,84.09447937627309,6.814470954873263,35.42929281317943,watermelon
80.47485386677437,16.01311281121488,51.56150098369663,26.25563025241976,85.34872755758755,6.814897178252528,56.936976898062895,watermelon
90.63896258616448,19.242809465398015,50.982880304829024,29.694674741329482,89.98617319164384,5.85311087326229,50.44429549710354,watermelon
95.12124248932781,10.162163937724264,40.185050448718044,26.763396045373533,84.88334913004334,5.533854544860164,49.04245958710059,watermelon
91.76013554379813,21.197862030718987,46.01838146330837,25.002805889215843,84.07173738598875,5.848410047185751,43.71803419217088,watermelon
87.9531412114592,20.16811953289254,43.14757029737735,28.02584825691471,87.53937684441424,5.665591351374901,41.37308442130687,watermelon
82.83486802619494,21.96364891084005,45.28808595859291,27.165746741032248,85.17461009384292,6.886531519290701,44.2179127899053,watermelon
103.31993918873263,18.033062515287604,58.981592063656336,28.66311545663766,82.85405290302842,6.766314378664348,40.13387260647815,watermelon
113.14668574134376,26.45776136587004,43.77740373525709,28.206846788301462,82.9064296930653,5.946239004989002,35.372182690820324,watermelon
109.02272990239793,14.596520835850722,40.0181167049218,28.291421120895798,81.71184743835126,5.656723592961752,33.31306422079211,watermelon
95.19602089290817,19.518126549464014,40.89140081425262,29.82343999576416,87.16063053419558,5.984791097986504,36.154404004988905,watermelon
97.94170197473838,22.52489645526066,42.927461331779355,25.133578882589713,88.5943458283355,5.884382385833609,38.30682492913121,watermelon
114.85087403800469,23.26295658799645,46.834237586833765,28.102197274347724,80.19683215381414,6.6034639900170475,42.04556141806838,watermelon
112.52728589137845,29.092753040129367,58.515770989891365,29.455590260732045,85.12169955933888,6.040213171208407,41.276236365573546,watermelon
107.59584013253443,27.679955537423734,44.13972606000239,29.509158950770217,88.15180231969889,6.968284022767352,55.808812064859055,watermelon
91.19749318767626,12.119118226880953,42.244821439831775,25.747339911469656,86.14183723984539,6.706480489145759,56.47376074435476,watermelon
104.9501353747693,10.112626254961075,43.72633553037067,24.598357223120207,83.6332447556901,6.252026490450619,26.51890125024963,watermelon
93.93911903182621,13.583593492506452,52.941403325177475,26.78563421594604,84.95317646933908,6.141537682050192,58.46068986702984,watermelon
88.58940500486253,20.333285196877487,54.720347367306715,27.341066478807377,89.29020885716801,6.066952533461926,41.22865320206123,watermelon
83.54089260858913,22.17998222103857,45.76423936896212,24.961854237093412,85.44531292904509,6.298465395069866,27.655507442841664,watermelon
107.9286181397789,22.47544381301706,43.780345654929945,26.816609172924263,87.2032291647856,6.2941536108119145,38.842117666424954,watermelon
92.89353832323775,22.207877332881072,58.78217396620481,28.0304690428649,80.74745903636315,6.191027460223201,56.17884460287196,watermelon
83.77849703204348,29.77751424275087,58.98138787290843,24.469646884379255,89.33413320449554,6.044698885389193,54.564820847655184,watermelon
96.73533350853086,18.81710225405032,52.684861819550854,28.6468645156559,80.33789150948249,6.389733993290701,31.535654793407986,watermelon
93.83798071452811,16.95937332310433,49.38120680442307,26.00481847125704,81.07361118450667,5.718443107788177,26.17032949463842,watermelon
98.80996341315017,29.08895389705977,42.31350447296233,29.67758695801849,87.33361514732094,6.456248204401245,47.5847214363247,watermelon
113.06910593585128,12.138397287596428,50.095086471310836,28.18254682956455,85.86820445073563,6.749168606534942,27.5295098153973,watermelon
107.62804157996663,20.680554607694354,47.58321727959887,26.041649893404184,86.20832632774193,6.836493061966397,42.366157413539035,watermelon
112.9889265630768,18.04312763687935,42.04788925586353,24.36903441875183,80.51334371323678,6.070225212936505,36.803321279254476,watermelon
108.71748094490277,24.856430031697315,41.01707937667479,25.326739577334088,82.74261850158899,6.321417976214214,30.05803283674326,watermelon
85.35764877600002,28.875777784159162,56.08405814595562,25.083929412547022,84.0656780790549,6.033432998886348,52.68514259228925,watermelon
100.40851665912488,12.55699473986934,54.77984126312488,26.381327869349512,82.62924247632147,6.0632479330310804,42.42147972624137,watermelon
93.72462065668037,14.838115451835156,47.970040576079604,24.11503746449939,87.72497846096314,5.756417340351379,26.536661477072304,watermelon
106.14794771620316,25.478722576473444,56.27658263185687,26.9610550959636,82.05368184689985,6.60584151587474,49.4899577004018,watermelon
89.85082936412692,28.06815511725586,42.08742916165658,29.896129437547955,88.60247810977465,6.531847968218613,57.85624608979415,watermelon
108.89244673294832,13.809139940600918,48.843122762256236,24.42901814598981,83.89657422288116,6.612404529605813,38.525517282578605,watermelon
93.21176701872537,21.907114450206237,57.444090579977896,24.285499155276675,83.85470434699735,5.737361112722894,49.33739877561544,watermelon
84.22898241724539,23.29615517160489,45.723617415958145,25.193500882423347,89.36352557824985,5.527786865118934,40.32220451613492,watermelon
80.86507969847175,19.67186096208658,50.02094755588836,25.929974828368483,81.32161777525023,6.064581306601713,48.529202897639806,watermelon
111.29583234577836,20.615012047762846,51.79668788879511,25.203698226747917,82.87330333227649,5.7428434150785375,33.725337250161395,watermelon
88.99547120902128,20.38897572782475,51.25377511581459,29.669684524929025,81.95570647101523,6.462513565242244,53.6040744145633,watermelon
102.4096585513221,15.100073050021514,45.2510046004,24.235518318426,83.05444226548482,6.61690551850507,26.663121502248863,watermelon
88.77181130019322,24.124649970635637,55.65303125645753,26.73191046037157,86.98074338478649,6.081928252982338,30.596963575844462,watermelon
95.92597974091626,21.599356404062856,58.96106563705781,24.412505712532063,85.07394093844961,5.993379667316087,42.79090929968431,watermelon
80.95901789506127,16.260507094031627,56.3973629505401,27.323650403127825,84.50582492816118,5.92828760757301,35.431488297697456,watermelon
95.32405734362338,26.71141419929121,59.344264136165364,26.63193228810225,83.93352838747762,6.769826163729794,39.941686222270626,watermelon
102.08072689182605,14.61883329197489,54.870050715581506,27.19192990962469,88.09034550240341,6.6710990950430045,32.525166889451,watermelon
108.62542202231049,26.00108815902743,46.922144815647904,25.035654677413646,80.02632155579589,6.176355479639723,37.33514560385946,watermelon
102.19639335301636,13.760821851775715,57.1933109533295,25.54653129376866,82.2642960508765,6.221071084726534,42.4597858310496,watermelon
88.60340915140371,15.437214534518315,43.3941047831049,28.310761069939,87.70089031254082,6.193492746188924,49.99304579397561,watermelon
109.43741567749782,12.765510553556172,59.32356049669073,28.926191682578587,82.04483461195824,5.779247553619105,29.398140095285395,watermelon
85.53514250167673,24.963235980573923,49.39308513903247,28.697605036439203,87.46254894350206,6.406919070257833,49.022831230253786,watermelon
80.73422897516568,16.23555293610044,52.75644358518821,24.056069720917463,80.32976943682593,6.777831973705575,48.94087015922251,watermelon
90.61478932481376,23.759256802374182,55.84913338278527,25.840765698660608,80.36037377499187,6.899168687031602,37.08129434034707,watermelon
84.25927053138825,19.83713742786295,55.369355913282675,25.329883887705353,82.69490050133363,5.8640724801978745,59.70855684910874,watermelon
87.8961493492217,21.51040433932248,58.505292833139286,24.881379413266675,89.708541978677,6.921215851593437,55.96001954703919,watermelon
88.5822608532001,22.681101120219665,55.2178294592248,29.916167569178576,81.8042382208137,6.649038849278945,36.858040947448956,watermelon
87.0250586227201,18.4275388242771,55.87671824297233,26.78909882222431,85.37523100203049,6.992739115300182,38.96882548450991,watermelon
104.61603018836959,17.304884032307438,47.8557129265741,28.173844520672446,89.37886976094883,6.313538425738482,51.893997513207296,watermelon
83.56826235267856,14.22316074863854,50.04263281839065,24.12007034177265,82.5285497876256,6.276101934737449,25.523641938970524,watermelon
90.58185144904166,20.28061638951739,51.46298495962491,29.554510158331833,86.45345623250608,6.12210370379499,57.56229119965737,watermelon
111.39531933551177,14.000178422254951,42.6168472269764,32.73068145019913,92.79941582788491,7.184510420689134,34.77610100157373,muskmelon
105.00846135430061,29.727643432577842,50.67179460220817,28.79174029551204,94.14136782407994,6.377780043518563,35.54604296287837,muskmelon
118.28428384000205,23.935910279286823,51.92060321899602,31.222703229725283,91.82204932997702,6.529507126457754,32.727454114191815,muskmelon
110.05092467750984,23.570341389688288,43.96820202387126,31.45791026100444,93.95820036091531,6.713556117283584,30.73246559470988,muskmelon
110.84544192683289,23.22530612530183,48.18689841764785,34.26788897835954,90.81283534331739,7.493274672885487,22.377051569524745,muskmelon
80.59799884416955,27.800378022975295,44.899070167319124,33.10789739212704,94.05507687466034,7.288479586548175,39.83188471328333,muskmelon
91.76158840159997,24.204866838545183,42.30799716561656,30.847665039497947,94.23985846656295,6.551487069088663,31.82190761071228,muskmelon
100.15093774898537,22.919030622240903,59.4578877877539,28.390148685509814,92.86980758750815,7.294543168875427,29.62765423496855,muskmelon
83.14108743766292,21.21078704833542,46.64147781647641,29.084592497365552,94.24517256641737,6.782399269486683,38.665528247581335,muskmelon
112.24066018412276,23.859435875473345,40.10051006730624,30.99476419646775,90.98743140826016,7.3661968665733015,23.491679693527207,muskmelon
91.44240206637141,20.336735354689985,45.26727237996158,29.46905274095385,92.99549662551377,6.133394284132536,21.163355174418495,muskmelon
94.88981180744285,24.413289090157246,51.096135165478955,30.96013527926745,92.8287578211229,6.54817722697991,38.72292670864226,muskmelon
82.19619563643097,23.467829580596703,57.82565329655501,33.627192961146775,90.92020517410724,6.443889523470433,34.340958774142095,muskmelon
83.37082236723062,26.237233996651682,54.378138892095805,33.107246544647396,90.50120685133795,7.076640817224346,33.5963625043994,muskmelon
113.23689963287401,10.83191912512939,40.462213369355844,30.611049699149923,90.74394141924576,6.837576716355333,38.34697803013498,muskmelon
95.65918921336063,26.899007545452083,40.00481749035733,29.17960250421429,90.15211769827043,6.492220770772603,38.163791913930055,muskmelon
83.87808494395951,22.128195534876006,49.02991878238888,34.569277486560686,90.61259571268548,6.318041775753343,20.590839372229865,muskmelon
97.35740998525495,15.556657991293086,57.39811867780642,32.234585692384286,93.0704536898785,6.797866045321953,21.83700674458402,muskmelon
97.80074734901422,29.99010379417033,56.7045858169203,34.25421337916981,94.1161317962325,6.154562540146474,24.548965081295993,muskmelon
80.12486605425639,16.070202497562228,42.17214804692985,31.309553417111083,93.38563744286951,7.311757942557115,34.984343301817965,muskmelon
117.54342383114022,11.077965807875776,40.24359670833083,32.62936679685349,91.44676205111124,6.38025152415866,26.617741753875883,muskmelon
90.79184231569457,20.228728126031747,48.80296894448265,31.586999859636595,93.36356805750218,6.580695763456722,25.026153742843135,muskmelon
86.64802147234982,16.989482390652512,54.83612950492344,33.296934370780285,93.33452693342105,6.351042262960312,31.761724917093954,muskmelon
102.82758646307391,19.68532396219451,50.999579727677286,31.442534428365676,92.82728183037054,7.073258931931694,22.192563888068793,muskmelon
109.98503008596094,12.717723002551883,41.33255996820749,34.83255780355027,94.7849588443522,6.090654817410846,28.865068829499243,muskmelon
87.449797531991,19.70689794268836,56.60354485999174,34.65428242320023,93.17126326725769,6.530858500817725,32.06651131289197,muskmelon
92.48005224433801,28.196472816641208,57.408009262116735,31.907622251957626,91.62399457690181,6.440084513374467,20.66835989410119,muskmelon
112.63283404101182,19.00766426078016,46.50265856800529,31.29777248498428,94.09368995227327,6.1869213115612816,37.153119764836546,muskmelon
115.90035340433417,28.934158300677765,47.94975984845256,29.519982828263704,91.86820409233349,6.4993681443471045,23.5230782500572,muskmelon
104.29066680405953,19.53248321017258,57.31401984648007,28.224767063374408,93.21933963777563,7.144423317767342,35.189731383766144,muskmelon
115.442958683821,24.58067485658988,58.556201232953924,30.32859619874624,92.51604708375771,6.021119494924336,20.139151746065824,muskmelon
89.6050648180608,12.016143942781705,45.20422735871507,29.23930306169878,90.14260012419324,7.363956219609074,20.16446262777783,muskmelon
109.44328577348341,13.042957738390331,58.244592439992005,34.2495715771292,93.26950573184628,7.008351224700908,20.10678283939377,muskmelon
119.39486264454408,27.55665207151629,57.90212451460184,32.614711759356105,91.72393464327268,7.3404729736357215,25.830338563023847,muskmelon
102.50846173368811,11.994619446877648,58.439112602655,28.985393204398495,91.12448402865203,6.837201237192323,35.28186000425963,muskmelon
104.77405223745195,14.642678256003123,40.01886085054981,33.30005406215207,94.92603662955547,7.2148696804591355,29.204132363132306,muskmelon
116.15069045596427,18.196953462367,50.498681684869354,31.339908371769784,92.23811936332763,7.162786153940859,30.535378145389842,muskmelon
92.66868488100864,15.163163353169566,40.75494633934867,32.082366133181324,91.14980707700516,6.222200883024574,33.07659927655355,muskmelon
107.24837031286195,25.04309784515332,50.07153792677183,34.25838223642721,94.68171376699114,7.211056409688734,32.71186964016374,muskmelon
92.14883814364755,29.658898432404424,45.48272334383877,29.41859845393302,92.21077056893292,6.085260856068583,39.569889293435814,muskmelon
103.53734225665698,21.139041833283507,53.1159255979944,31.479165534440448,90.16031758547271,6.9184669332605955,34.32347753912861,muskmelon
96.66996242496212,25.14591144142386,44.54002598676841,29.548936137463286,90.80708493843787,6.557992139683742,36.94024070778167,muskmelon
113.11648248596256,17.656484159270075,51.78237471960473,33.04571421532441,91.20603387314011,6.252211628842121,39.441919864246216,muskmelon
104.70229252838473,29.62831443667328,46.75511974264458,32.92122189981892,91.11301818270618,6.391800256910869,30.23804242539248,muskmelon
92.78472502032285,13.35243127681169,45.25761403978652,28.250238761261052,93.52211810738743,6.738174985628793,21.884861328090512,muskmelon
86.86775972513965,12.05069076225288,52.25185616551753,28.659472545287457,93.77141166517607,6.030766378980587,24.98751575991784,muskmelon
115.62666703567629,24.37062636244492,41.45936665851375,33.74788273139626,92.46517560770103,7.270174540753244,32.01479548900787,muskmelon
107.27332128131435,29.870031207914163,44.646710918480366,32.367619023329716,92.301606950287,6.059177929384037,20.2894128300573,muskmelon
84.76914311271435,22.981834810770962,51.34326175826784,31.87400692814609,90.1592838126413,6.70395449454001,38.49245635685057,muskmelon
95.90367477242586,22.49844939576913,55.596373512462876,33.487476953993216,92.59640041197636,7.286927918103505,27.827561867274937,muskmelon
115.54772859139193,14.804543327910906,45.60432813981142,28.371844369393006,93.97790918271141,6.625582854349059,24.58233227822798,muskmelon
89.27161110466318,28.027998824584664,56.67833200922074,31.874716197500284,93.0805540020786,6.711488355825437,27.83333085757618,muskmelon
116.61907524873325,12.51225407040604,48.36893579432456,30.411933355915128,92.49075360125575,6.686447811817763,30.37779063302163,muskmelon
85.59675908907977,20.26283003026554,44.848376277744215,29.29031944291734,90.32417109393096,7.1439788381342115,28.5488384171312,muskmelon
105.06574733247034,24.55186686609487,53.58633330627107,31.293505033627774,91.93949264475864,6.563939864460996,32.80097593860113,muskmelon
99.79177419767494,26.982644959770212,57.494039686534244,29.19392264604563,90.68116825772863,6.945601389054,26.024514961245586,muskmelon
80.74282875060395,27.7728533872591,44.538015344876165,34.50496456180066,93.58717225439126,7.143980234867227,24.02922991586321,muskmelon
89.36777702467252,20.425355076481317,43.441997052997245,30.138021848781225,91.60731238973902,6.239444899879146,24.103656667903216,muskmelon
111.54207368033026,13.343917090945368,40.56914783687845,32.405484598402566,94.87991559696225,6.496820721934682,22.373114063925044,muskmelon
102.81549301470123,28.127084221912924,55.68123559656958,32.357611078889015,91.575282483038,6.81282025991433,21.82489682608511,muskmelon
107.1578169712268,24.501920377953017,59.30063245819838,29.822781511215503,90.09228209521511,6.818412696640726,34.13581008793629,muskmelon
111.61629903531951,13.874778660496212,45.23505738074047,31.588136476871075,91.65300404985001,7.290767229881167,29.475203074774406,muskmelon
111.98314576408012,21.612395209647076,55.461802832342244,30.328710905712267,94.15708310965155,6.411858473326532,30.921976160065817,muskmelon
88.56028452695497,19.510530432523865,46.36350419017406,29.8669240144605,94.83492509014019,6.240111158230096,35.7465167491479,muskmelon
119.3665983793286,10.398029674801556,53.9805482808419,29.77038263889401,90.20243912164152,6.604334368434946,38.704356203417504,muskmelon
80.4706037746799,21.757713838595635,50.02792957190648,34.11368915059733,90.42000857260312,7.022289044829975,33.602193968665546,muskmelon
106.76320067449133,28.84668989870074,56.461750580137604,28.29380908370454,92.35541425352257,6.596929584302,26.202944421816042,muskmelon
98.0534690061639,17.68388369851955,48.646677997573306,34.8548330592605,90.4431648737479,7.383346304758095,29.604734269420533,muskmelon
104.94968981998164,26.603659332353878,47.20926058298511,31.012953356615768,92.04759240139357,6.56209653380364,38.5105864329379,muskmelon
113.15719564772048,12.179999797259523,42.162467049541924,30.99508660397094,90.49328688366404,6.928639642906679,22.87383214523468,muskmelon
100.89493055867204,10.144398940074355,46.33192696825294,32.740335065708585,92.42019470113924,7.4674042289984826,37.48207592132422,muskmelon
94.36283116172605,10.909730829445492,56.912526002300375,34.3786401722027,94.10313696709518,6.1919249113796475,39.95830268824575,muskmelon
90.34336886211095,24.4840982561674,58.16069752671443,29.649809800314966,94.54129277338534,6.4642223687923,39.528264447681124,muskmelon
91.25040081521898,29.068716495156703,41.0708930178535,32.964904081688694,92.66055566918502,6.716815615684096,24.4698862851168,muskmelon
108.22383159105968,13.816189828926142,51.05683591969537,29.772717541281757,94.77810689890678,6.042946790753479,23.994565602224732,muskmelon
89.69242425549791,18.28135651535633,44.65460483740107,31.439443631881495,94.36232761629269,7.068095132113756,31.59923961070222,muskmelon
83.56012711930718,23.87984216778551,43.3282856862188,33.504571701731884,91.25028379255076,6.625573092481352,27.009404046358558,muskmelon
114.35255658699427,12.530889174268163,51.31289764769577,28.994431266101437,93.52397918066093,7.3576171916917215,28.69215307734507,muskmelon
99.52369041059903,28.548456729655246,50.41982777298714,31.413189066346927,92.89164551352152,7.033844604544428,22.137667501740626,muskmelon
112.84442110966064,18.710100549065185,41.44697019794971,33.50327868438749,91.88474985843136,6.150551242642581,32.67558079086501,muskmelon
115.20525413734566,27.755070188279728,59.15326949617946,34.07393821836682,90.01070459672738,6.570361749620085,36.370851598110065,muskmelon
94.65012023993897,22.030970127594124,52.12633894749064,30.55517712827176,94.52236963640644,6.754842518079176,29.295684118750017,muskmelon
119.90054982647584,19.87000728145233,43.56796503857162,31.591485960044068,94.07008367759965,7.165290490347422,35.77163530216942,muskmelon
108.32095135991648,15.084356581333765,57.24168171680463,34.254104257633855,90.97076348309274,6.1956834548270905,39.51209937178224,muskmelon
114.73295854601471,27.864722944198935,57.727527692487904,31.791807768236097,93.232008683329,6.818044278200462,21.024126983806582,muskmelon
109.82012341411091,20.106640666717606,52.9541814958046,31.518478634828746,92.45905661161228,6.25768366421665,25.574274302822978,muskmelon
86.35410767775824,13.91332591250685,59.4595476084061,29.07179412040539,91.34635212152604,6.885884486607877,32.20357152473284,muskmelon
86.15896518975316,25.87434851570425,55.7040573582565,29.661223929427237,91.4433315133773,7.406981798189245,36.51342891958956,muskmelon
107.91188132250096,11.64466443021201,48.36528161805151,31.915113104537788,90.93705643991889,6.672339873162337,32.0205175497738,muskmelon
93.09506720461597,25.618896379009744,56.80899163277611,30.265266286038496,94.19328577246229,6.155364849154522,36.754581972453124,muskmelon
86.11001726670466,11.65854305019452,52.83550808882023,31.30356156028706,94.53945300206416,6.544783794136274,25.743045268752574,muskmelon
100.02939624576794,19.118923715373228,46.888560924343764,32.8561890908883,93.79780916956955,7.279475953545205,39.457132094206855,muskmelon
90.66624768530018,24.321869649799233,47.8851647099149,32.739573803657755,92.3799084517461,7.490659654151898,34.578042715815,muskmelon
118.09965201737299,26.699390989623716,58.05802022326742,33.70093438050272,92.29579565187956,6.377682680020326,27.406403509010445,muskmelon
80.80944930559802,20.479863349293343,50.10115600540817,31.676753253813416,94.87015612486032,7.367181005182259,23.234255566602158,muskmelon
94.75530086223557,18.47912358926524,47.210658357032955,33.58947174522739,92.62018834933794,6.858149725457437,37.06027117975851,muskmelon
112.23712613661434,12.644230456405994,54.278291681672684,31.04805290231425,91.4732445153125,6.075028231353279,29.74499120690902,muskmelon
94.21746722898126,15.030260793528017,53.893434591939155,33.386397711209106,91.22394759514712,6.0741711550190205,36.9750540113047,muskmelon
80.39838964817213,28.74224987842944,52.55239747965412,30.25292644640924,91.23238954788368,6.013508496396713,24.709428340217542,muskmelon
85.50913206068564,22.24332441446291,43.330911771876025,31.700408862756333,92.95058211172235,6.447062547520372,20.701298980374375,muskmelon
0.745077612283922,101.18562994872629,209.56498668546186,21.954029114442893,93.98150092983832,5.931732823842849,111.3249525207491,apple
10.257652050191474,132.08641553687968,190.94011463318827,21.364762048600582,92.78028667595731,5.8269776232427395,111.06228284170093,apple
12.938934166746108,122.23565835135717,204.81115268403371,22.632600006340883,93.6989818596805,6.20593661771162,113.35474729521547,apple
13.578060417194138,139.31018210226756,197.29085151152674,22.23828921824638,93.8212281042619,6.082553837041994,101.77516950556472,apple
17.842240313821627,101.38523960069381,209.93585424838972,23.27638242811294,94.76555542640965,5.554134408402321,114.92142151961227,apple
8.556811412541059,114.87848296867939,183.61274241196293,22.687962359013927,92.39520362837307,5.604554458151024,115.31223767742708,apple
14.759062405058769,134.52752354741418,216.2149275304971,22.228412225666332,94.76536384311069,6.365429405082686,107.41253927559848,apple
3.1856607469891696,119.5925228257606,196.07594831823866,22.72715791599361,92.91693116163874,6.249986984379976,112.74724870514025,apple
2.096452818815311,138.62311009988977,192.39058332740748,23.913892380919776,90.58930054339885,6.458251172232504,102.27529517206293,apple
4.62072275894119,102.09609739389437,208.2045258655598,23.550896209715376,92.1703554090799,6.42852207504243,114.75747679388999,apple
12.600142708930465,138.04386407653465,191.87200820207354,22.06279716398288,94.52975959597322,6.400963496038764,124.41206940502177,apple
18.036766328833423,105.73174162150124,212.9489714454795,22.229515434328782,94.9540067797297,5.972280964328801,113.84590206255551,apple
10.59549830513597,114.4781663436225,183.00088355571674,23.686953691205755,94.01337906263143,5.639526780559669,119.41920678375182,apple
12.5169333210122,118.411470456293,190.1608459638225,23.579186350506696,93.50094129647026,6.047739909469136,115.2392133474616,apple
1.8213236416436196,121.32638924100364,187.7480117114281,21.625151037026477,93.30651981143433,6.411256151834288,110.09391526195867,apple
4.154985460243807,129.19361217564943,214.8474818540127,23.24495640336747,94.34378615268294,6.0365546710108,118.79690610922978,apple
2.8012911871787294,115.67235769134362,195.5819665792609,22.533887238738103,94.64538180128412,6.374296560222175,103.36313730722961,apple
3.455793037649264,116.093824731501,191.62975463562697,22.844312859468786,94.51388023882272,6.462291541672586,116.34007381338066,apple
16.763184028021733,123.63409901038587,188.3330778744016,22.574065236280433,92.77541300718826,6.242457564213557,105.49707474268372,apple
7.3662076417346345,116.38123611465548,218.3775838296466,22.331834880980157,93.77546983649073,6.250811381374439,106.63860462008104,apple
11.437393787434642,140.24363019933918,199.00790877827797,23.835352522027637,91.07229114662081,5.574159105774031,122.28634682861873,apple
16.953623959244332,144.666544417023,207.17573952449703,23.81006378000145,94.13474512542055,6.3444263331200865,114.2285392613567,apple
7.6472919583342165,142.0551132644477,197.2846870246358,22.616458101749007,92.23057153562594,6.064818313960197,111.76262697480819,apple
0.9593511715895175,139.69216837034645,197.7757527566308,22.766830945522045,90.69593901378994,5.503387847982639,106.13225234109107,apple
14.091720642667005,104.46375385507953,216.35549761545872,21.645067708068552,91.02296807145888,5.681507961621495,100.34954282428411,apple
15.436109369564692,139.37655390603663,204.56650810464797,21.564599945039586,91.4263899847044,5.975926697364963,123.85864879058252,apple
4.9470274363548565,132.92406567639495,197.57792893171683,21.893542045080064,92.27957968511056,5.571206717541233,119.96718427325906,apple
4.8660385596593425,132.64354554368367,182.73393485792778,23.86529566849706,90.9650749270285,6.38274207620708,120.23683024038586,apple
19.35719848162832,121.50507974255873,209.09589175383806,22.112131971113353,90.92184119009846,5.943075932933449,104.14372538471137,apple
19.64089245572768,104.33109210133223,203.56846893810481,22.87939156576217,92.69039771437028,6.162185885711834,102.90451937529727,apple
11.100370484105822,112.92456570073126,217.60704253204227,23.286214960319178,94.86257241079872,5.537556069740189,107.12832937951772,apple
3.90845173276698,100.50195642903238,189.69302920985285,23.036327950561287,91.15544461067284,6.009003445482618,122.19545287412497,apple
13.875158406981505,117.75830814577144,194.89875755648433,22.367207442025453,90.88520720529954,6.134000767415988,109.10382047761513,apple
17.047306985240873,134.04486970260172,204.4205265636864,22.092606667948548,91.04965915836742,6.276151864105623,112.16022747477716,apple
4.49500076354715,108.78285767680028,186.61603618005435,23.331483588616784,91.14493592650156,6.026642263525197,111.2886590243264,apple
11.592217984565679,139.47197051670375,214.70989560326922,22.35322821547458,90.07683125367362,5.926443805714303,115.15483843560351,apple
11.155295181961236,129.31012476100926,186.16302929892333,22.939605296342197,90.91325809371887,6.250523980696749,108.477190331567,apple
14.197908667629072,102.15395195077483,196.31440102363655,23.115103566789998,91.13435258165747,6.295287044797223,115.7694933276233,apple
11.751235442995966,115.90969843919517,199.2980588152447,22.79204790293356,92.36231056957445,6.19831332394056,110.84242332767398,apple
4.045463634840607,109.62702022604712,180.23215075371763,21.90287314667602,93.74458820239259,6.294162708837609,105.06168855239375,apple
19.180879937428156,122.6081257066057,216.67914996074012,23.12029584558489,93.61216711511207,5.585043621306071,105.49977817242326,apple
0.1762966658894527,132.2257438214532,193.7775315371404,23.35995754822904,91.69468109968513,6.319333752298861,103.26745634370782,apple
3.467463135150164,115.33944428127714,196.33949555529094,22.046108432528936,93.8182351626161,5.596951392626715,108.7804254909622,apple
16.744799990309186,103.00586847679774,217.6937403068543,23.95895052681604,90.4428408691254,5.791272522255737,109.31001665088391,apple
15.52782737305452,126.81670654525303,205.7746280197027,23.272529468455517,90.58989499718513,6.333209456910263,117.6404951045036,apple
11.546834503927405,140.03809006523755,208.01225415535228,21.605099887893076,92.14872690537834,5.994042866935733,101.38044066876014,apple
19.092750267201115,105.78597673585953,207.89845068906908,22.51869310827264,90.1281612494221,6.424747475864361,121.29592022047333,apple
10.48515855807671,110.30240512627503,184.86491562720377,22.09017743829638,91.27714140523045,6.006691201006299,124.16023240308573,apple
11.499069864592828,140.0468975150544,206.0351534998311,22.4257395797616,94.27303781366686,5.971368110172998,121.71570426275903,apple
5.831535391515306,105.79658831933446,214.21257857451752,22.762245491378,94.4454619912448,6.437827206992383,101.34070975928623,apple
10.019386037177366,116.87340470835382,205.0343358828047,23.38077359160697,91.40295107987184,6.056798384373172,117.71821449762248,apple
2.6886216567146803,136.633010767807,204.24438399411892,23.848612311340954,91.69764459565347,5.608145942337199,112.66253002592313,apple
1.716215434188777,143.6286935495803,181.54739833028765,23.260511703321924,92.62551199071122,5.868620652498288,101.64605411271637,apple
12.443338483472155,126.33491482259299,191.23533092270398,23.730665104230937,91.52055003671418,5.949725410592106,113.59406139796639,apple
2.004637563525722,141.94727736461346,194.98144609804166,21.24233764162303,91.93645586837665,6.1002025470925805,112.84131679553323,apple
13.89083948074548,102.49677739305598,191.38162441088224,23.457691730520306,90.3994684389568,6.355485954695958,102.29740230192766,apple
16.689084297833926,116.2354780485427,204.48836253028864,21.458661346943995,90.3308436086259,5.715938204020135,103.19634544771739,apple
6.248117953592636,123.14724609299591,203.55037854260038,23.369604322139228,93.28119946624179,6.108758325129553,110.29455068714437,apple
9.476168699202773,118.65343732255815,213.68664120245532,21.6900013576452,90.02860465770982,6.151319897226239,105.06155459097079,apple
17.802302726196185,138.65708483679953,183.06909487712824,21.319165216242233,92.47585796123333,6.109222662769355,106.87270843705602,apple
14.335954333987413,126.77122094134921,192.9929643899422,21.076114464126945,93.75075140649258,5.714753665825083,120.86184358656571,apple
8.405805201085103,125.96848491842944,214.91794921636009,23.59086900275986,91.85759787621787,5.708888892714843,119.37865194321486,apple
8.661604072042623,108.64188971015518,216.17701369268602,21.594312582723262,90.12903584095615,5.52027997376742,115.55788391135661,apple
13.233501214350607,113.99687672756427,192.80043956988254,22.018481745179827,93.40079273379439,5.558133791026829,123.22790881728314,apple
4.450420883548929,144.98529423589414,186.86090775148747,23.314639371937133,91.11706272464812,5.580846801643254,121.87333310876622,apple
17.175025183817837,118.16066766023206,208.09584570161707,22.67119779805175,94.26478056836875,5.815055969318655,113.09180999997463,apple
9.70744742409101,115.92576218155864,215.6582025822549,21.497633773987605,90.74754319760348,6.076909535322751,116.43735574962355,apple
3.8923850864913034,117.58228490145808,217.86255371914976,21.73985226807202,93.34180351058697,6.240149393697591,111.20321748662899,apple
18.75051973519166,133.14955308484556,198.31698319443592,22.70800560532828,93.4630672171255,6.092190180429219,121.9674395956519,apple
7.137773245608024,113.49485830251122,188.55355557981056,21.113348904193785,90.21506982190027,6.370055193109283,116.95982866014768,apple
13.210648308729722,127.65892685206987,213.9687657877642,22.44080077699688,94.3520541427915,5.8594450261822395,123.16768760847727,apple
13.973139601624801,111.57297112109923,202.563396867545,22.599091684464767,90.68949410865167,6.091242905750614,107.86964059292394,apple
1.0469753361920486,142.68952709679542,205.65961476257152,23.63075679561254,93.38028002506627,5.856983692140113,112.81720180822029,apple
13.514935206943541,143.2113546340647,190.14677836486786,23.624931175872355,94.62038902647134,6.1704155146589565,123.28166568503345,apple
7.95757174954737,142.88572792181992,208.111315086639,21.126017302256436,94.53436415909526,5.984472809033193,111.50817461944582,apple
11.329332119592685,106.72230460470526,198.76664194269594,23.49338165015324,90.07741229568758,5.772917160324371,100.0613646610961,apple
8.314226182996967,132.77419797221808,211.95087316458515,23.83556928338102,93.04252306485394,5.754626866652895,123.10369872841747,apple
15.506315077607521,125.8492817351415,207.82560862875744,23.77294906502229,93.56197014236461,5.8683745075847344,117.82570505722742,apple
0.8055632547077574,117.38870028237616,196.25292127382318,21.500514703262503,90.11542740275885,5.633381236637743,116.36553739492638,apple
16.04577632727375,144.46915717271384,193.85454012433976,22.798137666783305,94.68572483407561,5.667041781338153,117.94113965856857,apple
15.099574662983263,104.00389911412023,214.4499754073226,23.439315141332532,90.16701503288718,5.591084414880052,101.22817234729631,apple
6.694870635987245,122.91800458059667,201.29390911818516,21.80300027930833,94.55798443280138,5.868262789871913,101.13875389913382,apple
6.004542230827727,123.899924014487,196.3288729035293,21.821527557297777,90.65661624882159,6.31916450009623,124.90363105310479,apple
6.590842670477642,117.17294698794717,204.7215009870783,23.155324424206626,91.96014767401796,6.404929516981815,114.00009973072295,apple
9.00780152811862,129.10027389219573,218.11215392996692,23.383656883265118,90.20006565267562,5.832309910739959,111.76361712378056,apple
6.290351444182106,131.50844023737054,213.05076599450325,23.194035285555813,94.94666643414138,5.772547647893029,121.87473737561054,apple
15.332453303489723,116.29804409011658,209.36498174627874,21.31222786925474,93.94666741170276,6.032330602587103,107.30725431773133,apple
13.115546035683604,128.8728999421484,188.37944890878398,21.091192244434577,92.16811293450837,6.069511869344421,121.91513195926495,apple
18.56433591295189,123.79623481705448,210.1521393507418,22.317909816983992,93.73041078286447,5.704801524939167,109.27661837008829,apple
12.684559976272297,100.81710845231855,208.89845241355818,23.506606503804502,91.99570830546976,5.947942417177164,121.28205530541328,apple
15.513092706520668,112.96672700650187,192.95904426246156,23.03663469717179,92.8159904622408,5.662229571096497,107.74824773072916,apple
17.999665537573083,130.96784965250185,219.4389727074208,23.301037589942307,94.70987216071795,5.716188573870475,119.28712187042314,apple
0.4043504029559486,130.18420097701903,198.77129112480966,22.040280215760205,94.31202176146545,6.3542676926575306,100.55754262246609,apple
12.19010244898862,116.55245009444303,196.62644006001796,23.49612221765633,91.54919885763839,6.44304881063762,104.49084565930352,apple
13.254448467363556,130.24472801561942,190.08780645711673,21.974251826901607,94.1739924628997,6.261805254954952,108.22739700786899,apple
10.679130938698677,102.7756133313893,188.34983529594518,22.457461676581197,90.42986867639605,6.343332354891937,117.95015525269119,apple
18.872673412969895,131.20601076838122,217.61605489048742,22.663537667072895,93.00109305530985,6.476971054626261,116.0532286716065,apple
0.615731377214932,132.57112494837355,216.21874768549662,23.38674074938298,92.91916636312712,6.171303513093516,124.7547947312918,apple
1.8132417701867665,130.02601728849578,191.33590778282377,22.92027118975851,93.0381178794197,5.653456832108162,105.16866614350597,apple
12.432591560864271,105.77034762866984,190.6072350052129,23.505736643214007,91.6354575300082,5.988060156269663,123.52850837864601,apple
4.542981776738926,17.792520347160206,14.096866633153184,13.77669464751986,94.50826693356353,7.373209481360273,115.53280148745246,orange
4.566616731866208,10.496186600851317,10.756608955334357,10.707744254939117,93.5519382371915,6.991695880238575,100.8794328324291,orange
16.731875582619022,14.974865325823645,11.483406132365634,13.339668677278713,92.14709393426126,6.661931704199915,101.31255990671481,orange
8.028870985200076,25.29695786439967,18.727645057798966,12.067485685316859,92.1179291343954,7.0539406594854785,118.85544002210554,orange
5.3412188047872045,18.802884130758738,16.939598653284516,13.048467846870192,90.55293171981977,6.941599103343399,103.73492569194654,orange
10.204318681568083,20.58206535320877,18.143050433374775,12.312471370062191,91.39721211117947,6.346449522324047,117.48503753368672,orange
3.4202170883645677,18.517371217662877,7.807596723904204,13.866520200571877,92.37186319987309,6.526715535835218,107.22199281252934,orange
17.044284134459588,21.075479085888762,15.768017766968955,14.485192581253422,94.50870838020322,6.492763581506795,119.0490252629277,orange
0.4975176402921089,17.536711220323312,18.436982862632625,11.373184399084915,91.3654072516066,6.453933427622833,112.24626769693845,orange
8.766655512287077,24.53469672706685,18.423659638469985,13.370996874714303,91.02233360098788,7.399022853540753,105.28985746694957,orange
2.9978859065631625,11.799345577219217,13.450756109992485,10.568812312403258,90.69387942056315,6.450045720893245,105.63306019368927,orange
12.084790206642847,26.33490558945363,16.420244843043385,11.312422273582383,91.2265524899299,7.448687295160451,100.16472483183921,orange
17.594410661204314,13.9945703824481,19.209264846346517,11.711536424137599,92.20175886946626,7.060680920916571,111.7533810294652,orange
6.358786594136456,21.07661831735647,15.960603265443293,10.21167472951246,90.05599652627852,6.687100408609337,102.63673235607028,orange
13.286885829294288,14.281049124548684,11.492766601935063,10.988354684371345,92.74241792874562,6.174080189076854,100.46213705574961,orange
1.0226327621339437,29.0851688303062,7.134293279164037,13.542391265684177,90.33963102111413,6.162240528352774,110.1775250281867,orange
9.297418603086873,29.03160618879739,19.17253179531106,13.898043212712325,93.01050915063675,6.682440476089517,107.12357068656843,orange
18.94175093951111,22.05817622849371,13.686087915289917,11.159505608844574,90.23348908942556,7.417782869639317,106.27470517689308,orange
8.851780466489174,12.292798871714137,17.55386494863938,10.138159164279653,94.16995381049549,6.21042751918195,117.73128225262305,orange
14.595452746723147,13.293405250146101,13.487269892892021,11.563281571776097,90.89116549455792,7.288773299116663,108.07045533014458,orange
7.97087428730765,13.3977334961324,10.745985141286681,14.358084231644252,91.81564355244818,7.427405343749682,118.92617798416775,orange
2.8979731861469205,13.546225070452898,17.94011105497834,11.963804594623596,90.02186991141505,6.410807729558057,111.9525798639112,orange
15.98531931919936,12.667772341865192,6.65812046625103,14.610463267861657,93.75574183911291,6.884669401167118,115.38373579991855,orange
8.577087226132768,25.169114946182532,10.577044869118037,11.220472862463012,93.64506710646484,6.629508438235902,119.6275420865239,orange
6.98970364616202,28.434548410621318,18.99443822850619,11.20926473532373,93.99110590794007,6.649611757716848,118.35049454460696,orange
9.002485452704775,24.88607434674732,12.004511137456968,11.13900377856428,90.99675064472343,6.638146791384519,115.1098931402843,orange
12.101429703615336,23.772585798010866,9.234895260979137,12.407176729788027,90.22197632484664,7.226298623937181,119.79784324479749,orange
8.137581252493417,10.219273062630867,7.54688959326421,13.262634388752094,93.0603965910193,7.181797079378316,105.07768021922136,orange
15.272638310942682,23.759680430473395,9.842217465707648,12.727440740284809,90.73636904249163,6.678846755153374,117.62394679111281,orange
8.423827596507817,26.79133412950844,13.853800478895415,10.959383565511784,92.90553122348948,6.758974993735595,107.97282670392768,orange
2.3926087903214066,18.334173276944597,6.091435643594407,10.493845256993756,92.07958266466358,6.458072222952696,118.51088651724447,orange
7.51411610760541,25.157162441442004,12.953712895493641,13.520428343211677,91.300579915077,7.412857459257493,110.60176993828848,orange
16.626481425704995,17.30091386952227,6.503170235757868,13.368558238604244,90.03879824168712,6.7129394648482625,103.85603805332919,orange
12.547510088707243,29.588397462757044,11.96604359480969,14.087491282628333,92.53892093475561,6.743760046656036,118.60846986357555,orange
17.79931737493363,25.71600930375949,9.443836299751762,12.725042078619703,91.11948616652842,6.665875047069809,109.68426131519581,orange
16.63280080338662,27.920567306499862,11.219300935947167,10.088522225366185,94.30886919894678,6.261418017752041,112.43763927780788,orange
0.49941800868262387,17.990129505211286,19.78940453173025,10.503468005519016,92.11846575999822,6.460724925284929,118.10176246776528,orange
17.386802158147102,14.753975206124576,6.217816805756468,13.135691970305587,91.68184355941855,7.008126585909094,100.64239512135629,orange
2.6679847035497883,23.727444655452867,8.185559829537468,14.287938378812008,90.29295443855068,6.323222974178362,119.97120496970138,orange
8.661522051735853,24.059313270892872,7.739945732855205,13.04934367492769,93.63053034184709,6.471714953799766,116.57794223951755,orange
12.068351569445666,17.782460192300604,13.364635900147379,12.883804237179621,90.82767646346933,6.60409855480045,106.86861176038987,orange
8.018054451582522,25.222211769705158,12.23807611200009,14.701580766196322,91.46838206679219,6.623555367427393,115.73913620958083,orange
10.920491866415006,20.940562928488955,5.800102445077753,11.99299831359228,91.35366866210866,7.499002684246673,106.1671014126462,orange
17.68993069587727,23.52467470080955,10.113746137881357,12.71767189187062,94.20267939974597,7.325052447046367,103.2078775001229,orange
6.791462824163393,16.70446360427143,5.630671941139171,12.991188799259483,94.27410026496094,6.572361581738277,114.80071889968355,orange
12.554008272014798,17.512974709860018,7.115896992384457,13.546619263879837,94.2728258447062,7.0287817386022375,100.35756968069636,orange
4.324657887819825,11.389599697670638,13.555791493643401,13.782388394202062,90.5528959353433,7.257506730890078,111.11017956790967,orange
13.799380242834498,29.428036972172926,6.25521482371546,14.506120114888947,90.63051347993705,6.5894382099550235,117.02877392662228,orange
18.125084734757365,20.127433470902908,13.911569574131377,13.540736672992786,94.16379334226357,6.182266754306499,116.20138616458455,orange
9.625523010232335,19.01246850216338,11.358496279954974,12.546057926230212,94.72525276697301,6.822305659188228,119.06355076526279,orange
3.6058026123128117,24.482719576652663,17.183593079131207,13.39564415667431,93.03461140113271,6.847219171629273,117.21860965157393,orange
16.43293194329,12.44577442361199,17.72881485546317,12.070343097202212,91.26848414997906,7.304652852020888,108.64049599267483,orange
16.16729380353633,15.26807223911689,5.058939821333267,12.477295964514722,90.50114128321442,7.131563933287365,105.5215027213882,orange
8.872912932069575,11.740671301831085,9.29988872670879,13.90745121629286,90.7579395595116,6.970739341690436,118.34851705609003,orange
13.596735195154405,26.220433785844538,6.634574439558737,11.253659130010272,94.47269426120296,7.072658420427134,112.79107652754622,orange
13.275334722434,18.284011086092868,5.668349474264798,13.922207710353645,93.39356618107676,6.709206696169087,117.99519230736514,orange
6.723193299701977,15.886434884624718,18.09194487619164,13.984938273794928,92.57489905324172,6.196102109186775,104.30142942930105,orange
13.124559808176134,17.70082475680823,17.547097874989568,14.749775046661021,94.0281846263746,6.5663181344933355,115.77372858462849,orange
7.028833469413669,13.342001755312678,5.5008980729878605,11.9285835638051,94.5177965184864,6.358479881633515,104.13026329859568,orange
19.396415704820807,10.500082257011842,16.786732255906315,11.606849778704351,90.1874397843483,7.376703810314376,102.79284660419167,orange
11.035585674513907,15.481084148590956,5.977892032770366,10.249612428316896,90.57778349418169,6.10705052083407,115.21116231039846,orange
9.711324045668583,16.857841826979595,11.275533651980108,14.644733677863115,94.55375906369073,7.073514720183866,117.69364754843376,orange
6.392960551752496,17.622186520165656,14.205682727813421,13.11812973648632,92.4084991900617,6.60098677265693,119.7236062321739,orange
16.42247252235449,18.699603957760903,15.909387158593526,11.347808466262297,90.50084663118665,6.528646538329111,108.05945600246788,orange
0.33074249121341603,26.29584003271792,10.387901035837722,12.902090828900736,90.36981593635478,6.262495243125876,117.79387450655119,orange
12.173750557656016,29.005681003409713,19.981250515869753,11.859300576665472,91.49401532041637,7.287534082738645,119.97222854074909,orange
12.592824684649147,25.902814450230448,16.72618788222912,11.776698541097735,92.87135190128544,7.24958541189632,113.76227752522111,orange
0.4232762796407652,16.73411337795067,7.16713544891908,11.164861060390196,94.52744738745663,6.055339933366152,104.39601423923847,orange
6.191387044764629,22.337681439327895,13.011525351287982,11.09134741426693,90.82120533611577,6.355197051894178,110.05059253403311,orange
5.423555714224069,28.952050032154443,11.957978321432712,10.293980082723186,93.64633202918317,6.4932679323134845,113.06977864116496,orange
5.59188741046464,21.4148748346664,16.58228757211197,14.64004370887277,91.30563572216539,6.502285426498472,109.28532840571879,orange
18.543496754719776,28.02773713621314,6.34817420150957,10.659649128769054,92.47754588665319,6.159928909208135,106.91161746697395,orange
2.967707564349553,22.720807102637718,19.242431476087425,14.983668851471908,91.87620566248458,6.898518955671919,117.12535307048162,orange
2.3492414559276797,23.7912882210393,11.132654925876023,11.030730801400821,92.01376809373721,6.113940430447375,113.90814297178612,orange
5.054853374969062,16.22811290089756,6.816219473621941,14.323295569449458,92.46722139641369,6.8582203166796,111.3886536618971,orange
8.209862290826834,13.85059830876279,16.176991227476,10.635281326788371,90.51936895139406,7.065217556394755,104.17674040903968,orange
6.135455027056647,19.504549340034806,11.740269750943193,13.542895625324995,93.11715896721681,6.966594243422799,114.28108661310915,orange
5.852254548469307,16.446666236009474,11.569966218433311,11.53731086516763,94.92468934485431,7.221077889632145,103.29309376512059,orange
0.11188311763739023,10.855665364945358,8.66095176564388,10.571456429184282,92.66669057446286,7.286992834091038,114.73500441826455,orange
4.312181261643808,17.985985120515718,12.618413142969164,14.051029247516677,94.19560801553082,7.364577467861664,110.1849050100575,orange
13.885494928717259,12.236007424678743,13.479334399309732,11.243459047355675,92.15858442513306,6.951075762460079,105.13971875707563,orange
1.0437011559352216,10.20467712817515,5.332393033167823,10.041748687568848,90.55177528278938,6.359233071855195,104.42443028364599,orange
19.735931883597935,16.120122104178865,6.911311750390986,12.72781272083879,94.28978727698754,7.017090565181513,105.921641782709,orange
11.2323231958291,24.297119484008185,15.921567385516134,13.332692276488444,94.35405212387809,7.305158187516156,111.57873118814007,orange
8.597127382224246,22.831405911301996,17.273180020556946,10.028260524205924,94.95998504507426,6.274340658493799,109.40497971319952,orange
17.440594696857335,14.500807980883987,12.151928358505748,10.662910900905896,91.97538162694096,6.265703182189504,107.27255497542313,orange
7.46928433585444,29.863415791966656,19.92219543955658,10.573931393303063,93.62984389664173,6.077618219503652,100.60384030674378,orange
2.106677884899286,29.309713140158678,19.11295321842046,10.969639101403402,90.80836167776856,6.360802629773921,110.31093988150285,orange
11.394092640708198,14.431868608788946,16.349341821349178,11.547765847013254,94.61065662764705,6.985084059685096,108.72702388607223,orange
15.798240034056906,26.358292520933297,9.357224084134154,11.698572719180422,94.67977576864301,6.247111557544908,100.84300833925869,orange
9.081106452190983,26.024198004872577,16.575021594661187,14.597653144564163,92.6660033218452,6.1500970073498,111.77377948672031,orange
15.567912287064232,11.866562405396529,7.589861016463846,10.061453305778354,92.96826289723406,7.330101587918857,113.41326632004198,orange
19.64080175181964,11.260673049995232,18.545016277272445,14.070341436933404,91.57120760249752,7.460289827755878,105.7587549634283,orange
17.78609447656437,27.61497154148379,16.364864249044587,12.81735236906426,90.60001374808444,6.797957601744748,107.1359251130987,orange
15.844340663107035,25.162584129936896,18.65918761058908,10.074150812158539,94.04551608411523,7.407693079687004,115.786008982163,orange
2.603889197407334,11.625582096817755,5.312678597115513,13.143726129140354,93.14836325929943,7.4803705713273185,107.96086348208192,orange
6.638125697949935,22.48849854368785,17.38413008761391,14.68386974761501,94.01562083089519,6.640010970923707,112.69828470624128,orange
17.12598653432234,19.81219376623479,8.250299655580891,10.848617198739365,90.00078872289028,7.077356992471927,102.2219441769198,orange
4.876781993918808,15.957526630455867,13.405697902051525,11.989786386478846,93.37336996011581,6.083457988993054,102.47878388528879,orange
9.984230070665333,16.739295756936595,9.437200441270395,10.335140395187613,94.47859587374,7.037727879187576,102.432363136393,orange
41.300919154742814,59.497450668624865,53.6234510087901,29.174560710937413,93.50865520377893,7.134497679720239,188.99811011943896,papaya
49.55754611306115,48.59765516249696,40.22056168537801,34.26557115141838,93.01653939194472,6.304730905784952,195.98017097107183,papaya
58.29863803540593,59.78368328732192,57.48113126277958,34.977843878200645,91.22343094061637,7.263374377798851,191.15141543978822,papaya
44.61880718441468,41.96875098001981,59.58841027355199,27.960245515206104,94.35445895233903,6.0061907320119055,151.0512403609801,papaya
49.317426173927366,44.77429367870127,53.796825668719286,30.655643255679543,90.38742898725246,6.243942444473576,169.4024635029207,papaya
43.712081279108666,55.84444694487857,48.3214047110656,25.934318668424993,92.42171451136062,6.136257271592121,156.44686527099086,papaya
44.79219664056411,57.1905541049498,58.49225064665944,33.26257729332069,91.67038608708924,6.4086696616632475,177.45778453951195,papaya
54.437063210662245,59.867455763203495,42.631414237578525,25.492919990238043,93.47177944497635,7.248338675255859,192.31743899332116,papaya
53.56927098154321,59.080316082383746,50.22009527089174,34.138147983362124,94.83906068495762,7.270736185504662,165.48792816293104,papaya
43.92431302340591,50.96240129963637,49.06029500760377,33.77758342192733,90.50015835533577,6.3866100919672775,187.58994722593542,papaya
41.899732899546244,46.415288280434005,47.743107881079666,31.225937965626898,90.79066322859683,7.2909067355245645,172.37711177331371,papaya
58.340434237611134,49.35739827267863,45.500805178814666,26.41828828687675,90.01872547355643,6.798236227477253,155.35783484634618,papaya
47.83455527262356,51.78543522474173,45.51371793805401,26.752242923661154,93.87360811304671,7.420186758422431,155.0220208930983,papaya
43.11180648770016,59.200253145054376,40.75568443624493,34.77632336550472,90.02322241542494,7.310502983476997,165.36625904938748,papaya
58.771777163545934,46.33890577271171,53.08612643068112,25.800325697659368,91.2116490572687,7.160519019718876,176.43429268394098,papaya
58.559381235740894,48.57502816682708,57.39624731627846,29.489554374782376,94.89624139350992,7.439751572098315,166.45683527780403,papaya
57.71847340833607,56.952227484312985,44.21360794655126,31.2429040078327,90.36341157794908,7.255066080875192,158.72729417517482,papaya
41.41629402771529,48.004381910776225,51.53844277199287,33.54916958559771,94.87121262760868,6.659238768854795,153.0223461492635,papaya
54.98231158051741,51.30346512447875,48.95782689688926,28.092688787921897,92.51199263921768,6.508019406685547,187.850593387368,papaya
50.877873929852825,57.53695548308224,50.87087829298884,27.3826241333993,94.25545941116073,6.835828567395065,160.34205190717807,papaya
52.470156199124446,47.15433529884855,56.88811224584131,29.53299738646543,93.63220679053708,6.143304311454356,169.8012173151173,papaya
59.664828729447976,56.16920578954297,43.198816047338575,27.77764049477255,91.6490790442818,6.975548340743169,187.84973797448276,papaya
54.9905321761582,50.197481126128054,56.216410756763025,29.37078082757475,90.61940282647781,6.84666276248072,197.61506923005533,papaya
55.85987302785023,51.57401295384485,52.936113206981936,34.305620270355725,92.1417139721748,6.497091208413956,198.86207825002245,papaya
57.26886267020667,46.460871692372045,49.27561194721846,29.15078129007799,90.74547839335717,7.436728985719888,170.21562156098793,papaya
57.50658165275816,43.7871245536133,50.95741621274439,25.239613851242698,93.82110241921154,6.871370847369418,181.27947917348763,papaya
41.03441765109307,44.22076660417231,41.4866174470716,27.889143158038117,93.13719503841075,6.849278976476063,180.60749108066952,papaya
50.985025427557886,45.46057591351719,44.890149946888506,26.370596835365813,94.24535437451746,6.924719037811867,159.325550625203,papaya
43.54418759642479,57.460712030522735,54.854617275266385,31.593990799053714,92.0343205376965,6.392963346417776,198.9725381556412,papaya
55.944791500456006,46.03558446272553,56.951295925569895,32.58931948614681,91.48540274938999,6.639829281362459,159.29767226955133,papaya
42.22104888756219,54.45524065679393,45.35023714707733,33.200593657462534,94.97804355757214,6.114929720894473,173.65175625418502,papaya
56.04125118621606,55.77901793082467,55.19994316661937,28.48994935301911,92.26926627842526,6.892452536012206,198.69702917866286,papaya
46.55094541876986,58.46287775433716,45.38713836360988,34.89074465473705,93.35131843413797,6.6952672205378265,180.66952140318025,papaya
45.45062338080414,45.483477150229334,42.27109087686988,26.140502977053988,91.73835870734456,7.144283216844558,180.39855837990814,papaya
42.05169120662042,57.044730499518224,52.02735253980133,34.6085557678478,93.35092733705604,6.262762295556271,173.6891681153911,papaya
52.96995195094408,40.56529402099955,40.29820528309616,26.29403000598568,91.25832217522735,6.644323685281013,174.3720236879894,papaya
42.76055217875793,53.46783158231662,51.9227612339307,27.944640988411603,90.06829941717646,6.116471873029936,169.58473877554198,papaya
43.079487023313675,47.53639212295941,52.5636520902071,30.472374278792834,91.15587941568697,6.515733736888128,180.70155992243252,papaya
57.21710056086897,55.064268774777545,51.0680005366683,28.622929983164862,91.82525638770903,7.319125965396594,151.96217880202732,papaya
59.75965288840522,53.287508217031245,53.622753981447815,25.37997837304742,93.02764637445637,6.72716709013567,155.28894534470334,papaya
45.55844021538718,57.80628912427302,50.99976831731906,29.134165751739086,90.36341077920406,7.071182291103458,185.14254116980163,papaya
52.28087213945127,50.20525292441299,48.67568804414745,30.932710929879924,91.16697725864204,7.411888596266472,179.43972645901147,papaya
46.22384888708753,48.993597017703145,56.11369577753784,26.616160607302973,91.4641781123013,7.019262034104833,165.7744603241112,papaya
55.850033637229316,42.60906974354722,55.253723409092174,25.68351714850566,90.06296306333748,7.347335278248243,179.06696084661493,papaya
47.03653794173623,44.65189273927701,52.33771566521632,30.09002183536738,94.95798887764992,7.474823979980618,181.75122830708048,papaya
48.85741012211781,49.82281938269324,53.64958132473724,26.015745442353815,91.64176036905359,6.112908361505406,153.66803797584598,papaya
43.91678483788468,49.70506509186454,55.69548642325579,29.854958911658727,91.67738305280434,6.123529485505137,177.51477615915647,papaya
45.42537172966354,52.29868355834295,59.543754782648364,26.1131432147755,91.0606269936097,6.709641807149062,198.43069076729648,papaya
55.43619552539991,57.96458386325661,46.67429696951586,34.920384737785945,90.51416408032078,6.079459359069151,192.7801313527014,papaya
58.545297404139724,41.81170715092203,42.26854853491683,25.33174157755774,90.52253781321362,6.314129725200421,198.50383094550006,papaya
53.35720444479361,55.57106051037084,55.52278807383044,30.350737497792146,93.98744488856508,6.893711298584955,165.72730488016788,papaya
51.22220217536801,50.67017172269027,56.46906107518642,34.81727217381659,92.05521282710465,7.14508601766204,154.98815020190668,papaya
55.53662738896577,47.428338239864644,40.78780325779373,28.63246178562177,93.05321375460822,6.1788752515222,196.20172462151274,papaya
41.55344826545677,58.60013439666332,54.14275035871373,28.297121754142037,91.95375173854546,7.111214047099116,180.07355504406036,papaya
53.4328584290989,47.7832923302696,49.756269636151984,34.89867484037893,91.06961435249859,6.626784279783197,164.59115937869836,papaya
55.302230208797,55.280252513314416,45.84890921994792,25.81390316632983,90.05716338336102,6.641175799863728,170.51687971678854,papaya
59.767797572797264,49.39604151395359,45.12836739150841,33.91229441031467,92.45533974826789,6.898763452815867,154.78343552141064,papaya
47.65832814659548,58.88447348947574,51.79010768350851,28.445018551424617,93.12833590315796,7.365616634367174,163.6995300236295,papaya
50.102334369413484,59.173813078235106,43.447922865969055,32.19663925596711,93.07240504101492,7.019512696710953,167.56098153337848,papaya
46.2775874696753,53.68419341176741,44.31086570209091,29.196547448590053,90.94087323026459,6.012457261684995,198.50286800190347,papaya
48.63405957312838,59.386992288396506,42.80647039535652,30.87366779457486,91.0048701639562,7.185111190444912,189.18514943804877,papaya
42.25214298078624,58.24128905752778,43.89259294406449,31.129773415893602,94.92816810043853,7.323594802149546,197.82819642805845,papaya
46.85197542436239,42.11151284438927,43.766937465789,30.00494895076614,93.96614839136662,6.2252304662758124,182.98657661303787,papaya
46.47155208079024,46.82404144784307,53.23835460315853,29.6699941953322,94.06016646512997,6.233877764494241,189.49741348835192,papaya
41.28470496114842,43.8810776049121,53.1229942900633,33.54925656511071,91.26339813869674,6.490787408743369,176.85603741433698,papaya
44.23145612978605,56.22312523175012,55.47273290011522,26.452917119657815,92.31914865908315,7.162241649981932,166.86647655517075,papaya
52.66213645435464,41.00426242915145,52.173775210586356,26.52652980000607,94.15291662557226,6.533174195370718,164.07769313640978,papaya
56.8177795342297,41.002880461436206,47.93217598668689,28.700035405750313,91.42400187124775,7.367631498002216,187.54641967583612,papaya
41.278463283838775,54.29374898869908,50.54598266257588,34.00867894401579,91.5647280867418,6.861242999414374,175.0377637370493,papaya
49.79121812455212,49.122107990344254,44.11258951064563,32.55709922492393,92.25668016369644,7.4377744125039085,163.04042135963883,papaya
53.65487679254082,58.81434159278217,53.26916646032185,33.71272907617394,94.13740479878503,6.540176573233506,180.00619699697484,papaya
43.12522679622711,50.71051765391199,44.608439436286744,32.43736814952446,92.64029210946062,6.616841043947491,163.43985480834888,papaya
59.973969636825736,41.43421041769865,40.8712136114484,27.172574004938646,94.8553622931391,7.468857252479976,182.7463867386068,papaya
57.60213334412809,44.279234616815906,59.44084188353247,26.427848501395648,90.50562594090829,6.168317308870909,178.65639616362824,papaya
55.619488014361046,47.33334355749266,59.55791975572253,29.344201381183296,90.75224275386608,6.698950122279205,183.95185827112198,papaya
56.64451561008757,49.17536579913186,51.87213652098335,27.673447121588534,93.22958263202757,7.478957915925515,152.45267862938968,papaya
57.73061341410336,51.24565005535045,45.041973191246,34.54889710009258,92.4167715152945,6.497535377510078,159.07488141354204,papaya
44.889044205133246,56.65698083182885,52.28820018634332,34.13245619488316,91.15984226078893,6.181707860773352,150.3043765487795,papaya
50.15724075231988,59.96613860763976,53.89930537637278,28.083945919651462,94.38429291513086,7.172583398981939,150.77075830382697,papaya
56.33720961082045,46.01053514476992,42.99346929167202,27.263308397370746,92.3428990218757,6.637301890602016,164.44436496871134,papaya
43.444366444140655,55.24461579284338,59.80219567469834,32.77791580419691,91.47968483835771,6.3672134421182,160.8832938032969,papaya
42.73390148978073,51.02661099384602,52.10800743906688,32.05502660663137,93.40106685466834,6.4384999669250735,166.51555026984232,papaya
53.63029070884676,46.98895281567257,44.25246379238626,28.743361536967395,91.3604207878899,6.132469081827867,191.50694511383267,papaya
57.06222778314073,44.39500600333759,41.29544399050403,32.38827437351179,91.05764312931707,6.590153234155291,153.20676261186915,papaya
44.52539169516871,55.858045566592715,56.08792893830404,27.070848248877105,91.67956922553344,6.201357628640615,153.70863151424612,papaya
59.84343428896819,53.11187902489678,50.841930183966376,32.654985004052996,94.20038579843862,7.210072152067092,150.82697246449382,papaya
43.73615796380997,53.09810604235662,47.51518695607926,34.82482651061107,93.32702396319127,7.43482336309381,160.0723240822897,papaya
57.27914056230046,46.42704611630451,59.79129616475613,26.576886720731473,92.58169909419163,7.189266800755683,171.6321240302018,papaya
49.36168120375294,59.72711591011482,48.506163006023066,31.040721005990637,90.27269830337575,7.26331512031539,182.40840244897717,papaya
48.08040205725627,40.3233907990904,51.83337641187008,25.12657828484162,90.00601806954509,6.924147843224032,159.4508533667277,papaya
43.837750994361905,53.06543131665487,41.073943758787486,28.134055614745563,90.74715951071009,6.870264554694801,183.0882577363698,papaya
54.42271707198087,45.10462433837131,41.78499503273168,25.786836569418977,92.13075774225362,7.418766613594073,160.88645171235123,papaya
45.134832026830985,42.01777604211718,52.111405477878606,31.79872873947175,93.2146560408038,7.291695364567172,174.3212917513036,papaya
42.68914081534129,45.78810261408825,53.24859946842704,31.1312197374156,92.65501564871481,7.024446628033031,181.86954251866496,papaya
57.62649778929904,51.72032754956593,55.572027174011126,27.487071559664678,93.39091292294535,7.353291177574014,169.28661639499165,papaya
55.58208374677293,54.49578602390871,41.19052393743645,30.815083096240723,90.65094674600401,7.450978758345887,190.5703751350328,papaya
42.194476024942404,42.43503995295357,51.88947709825238,28.448891741731835,90.17452929536555,6.812462261749579,169.39225498429235,papaya
42.021529847434856,56.03840784511965,58.301535305576124,32.5659393401413,94.11211155008138,6.3247358508991764,163.17864754593006,papaya
44.17055080598375,55.30126862731128,58.95834157868994,32.16837206733903,94.40733382439778,6.9580486423247585,169.38299502793996,papaya
48.51523229860611,41.506428643348094,40.629143904920525,31.954756041890775,92.1921444600559,6.828322602081944,177.88306238112082,papaya
5.547516266666028,19.517850216589814,29.707602216677024,27.718990548595,94.10337691700535,6.353492011062787,160.36445245059878,coconut
17.910402407616523,27.32467245717845,33.904222037791655,26.890034975255098,90.17491244154031,5.783200399685987,127.87073456207087,coconut
18.18720653449936,22.984854656759413,25.817039596022287,25.947650172077708,90.77838062770988,6.891265244506769,173.5414025507003,coconut
17.19287821130792,28.81273101612486,27.01704557386442,27.168407393068343,91.20161440372415,6.0762847023984135,191.46651074237494,coconut
11.50225133878723,24.763837946489982,29.90119236126782,25.20200539335287,90.32097742998907,6.613769093803658,171.87890348200256,coconut
4.30661055057463,24.438191479846083,33.106657734835125,27.883282348534777,93.73209616422052,6.21208985098538,167.835062945502,coconut
15.27994098639086,29.838532366162216,28.45396662063596,27.87728546402228,90.82810029705085,5.6122191752054205,169.3395002598378,coconut
18.340911803089522,17.89209903322481,26.798444468355413,26.99569649568096,92.2752585240407,5.871950988096105,123.35790831218662,coconut
14.71968977514159,10.156898424812464,30.392305273364833,30.556367649208276,91.33114143158734,6.809874531836052,166.8900105618618,coconut
13.1004939281018,18.916992683974353,28.465779878757793,30.851468511194696,93.79222978499932,5.963765520241737,110.3019194442206,coconut
1.4361509089093838,11.885519557978721,30.82869361192043,25.36163523080293,91.68463437482019,7.259599105742688,129.4348166515378,coconut
15.266161543602596,24.909340764141106,27.458271326332163,30.10175526064922,93.7388831913605,6.19236177700108,121.04204837415182,coconut
10.425416137837383,28.42795176000393,31.39616732432062,26.21045748339083,93.4137846236676,6.281609081845504,159.15287973553728,coconut
14.681280700462159,20.298947030288897,33.139839745733084,30.055089055216396,93.07536670009256,5.452378447497054,183.59491109115683,coconut
18.71811170639632,12.739302476185896,29.882411294334304,26.812221193793533,93.77261653712782,7.1648889080141,114.08851205703988,coconut
17.540545425232743,13.619461279560046,32.97259025648108,28.198862517396034,91.64136146779076,5.474717788022641,116.76142561466294,coconut
13.237811094018006,21.00860775894241,26.220854216512326,25.788885023068275,90.36155287386396,7.231302042120632,171.1882085229289,coconut
1.168619817091503,21.20540151193946,25.846761552426898,31.32622039426259,94.53558709590067,7.09469896943939,192.618892143945,coconut
16.229060608273812,26.570771518540987,30.69707850569933,27.14241438751323,91.0889955755821,5.981600066116788,162.8495430089062,coconut
3.4531307166479785,15.172804732746432,29.680608627954644,26.63135068967231,92.9432183485803,7.769528085368989,174.80893657031265,coconut
13.32853228297826,21.654429519675574,29.879479092570648,26.30594701744262,94.47355227713433,5.745608006038509,109.13088775781608,coconut
15.000303584573905,13.512310686623328,28.71895999541176,25.19799449803686,90.68533971270224,5.5196108922797364,105.4410127750178,coconut
13.133139132456904,26.740155916062346,28.73315406365941,31.122035337027405,91.06673287280063,5.976171270683718,115.07369930311684,coconut
12.411183908379972,18.397391817406138,31.132833468418987,30.331724337759283,92.72851508016474,6.882891064705364,193.5250314394333,coconut
5.981286192176862,17.183278772679063,32.17703361709337,29.27913861938771,90.89266452269857,6.128441930031471,146.7838013124715,coconut
8.387796759367788,13.565496166440816,34.24430091784262,30.33623133185783,92.40677916053926,7.04018308492051,189.7282672135522,coconut
2.7234828472314243,15.007461014139555,30.42701247256645,30.59307259946651,90.18127447720764,7.952054450589081,145.49066028823972,coconut
7.18462281243446,15.854488756795437,26.743567076508718,30.541017362510196,94.77707082373048,6.240934264536195,195.24206947534563,coconut
16.475952308700684,19.621022549526366,31.740261791261325,28.04488925419324,92.79361704106276,5.174139011055511,169.6263475300533,coconut
1.0564928896827341,26.34169893839299,33.249469294605575,26.659541012893502,91.61831390517901,6.44393113567488,159.66629069324816,coconut
5.7470732348399345,21.8497280926385,27.97787073229299,25.388435047497424,90.01263774915954,5.303453173755286,179.22507001640182,coconut
19.228626247666742,18.539323985624385,30.126839534499428,26.027937183513984,92.75515676340079,5.43396470602093,161.12143311988302,coconut
18.665173351617078,13.913970786060792,32.64563718057102,25.164516959728267,91.87748620660811,5.332245523491527,135.24754415956994,coconut
3.4707383927776703,17.466099802457748,29.175228061075302,27.104137859466427,93.28310974736564,7.756556153776729,140.05953741052724,coconut
3.8468631295004285,15.414455163919667,33.54000823496369,29.001478062891035,92.27505516153478,5.44891016452678,144.9727308323782,coconut
5.569840067147734,28.863262557066985,33.84070109415731,25.587317792797386,92.58326744630621,5.675175036544016,141.07770895242908,coconut
17.53695996502913,20.550290397770894,28.3421529337076,26.45521847873498,94.00162429703245,6.873554046093041,146.80654604262313,coconut
4.349687077259561,16.684927483142626,34.59843426738519,28.64062956324084,92.00349640621627,6.564266127044972,177.8988505899609,coconut
6.802178730057376,13.574122418652177,30.849361183390478,29.65642872436747,93.56359001479275,7.645962772298389,137.1174120689113,coconut
1.507097924577836,29.166971672618843,29.35011927437475,29.36280256771192,93.33152661564147,6.639541126103611,120.52575297362701,coconut
15.102861002322829,26.075039486081632,30.529755860174397,28.41992812409389,90.56969091563992,5.251854984499351,133.95648455635288,coconut
6.2169231103478655,29.073129019265423,32.8362274244343,29.61947006681342,92.58824044508802,5.502102592179954,197.8456672184284,coconut
7.5008139648042,12.138512048944897,29.93798895715746,31.117986081291583,94.43645500888665,5.032897748169342,188.62957447513998,coconut
5.429684349997171,10.779447279368462,33.47790270362874,31.047067291917458,92.98115539921174,6.723301271889075,181.31202726214195,coconut
15.726191054205596,27.80210946885408,30.527474475967033,31.77352964912966,94.98073415466669,5.349633829995898,184.95437595541222,coconut
9.99644515497178,17.751326765996644,31.13072309882715,25.39175890083405,92.5323055938354,7.61267171008,121.34615161389688,coconut
8.527797895388503,28.78961775429751,29.285638378056973,27.508573426326787,92.20268324061689,6.558358299552669,163.19913441314688,coconut
16.01385601833462,19.042044115286284,33.174809350901405,28.736044629464566,91.69240255183989,6.973852484358242,171.77222547434914,coconut
11.160979512589751,11.13229946269447,26.69882875160825,26.9970840462316,91.41312802975746,7.020262400740611,101.83486616736326,coconut
15.113635540990398,15.306849496138664,28.100218462161024,28.69536879560747,91.07962800469478,7.653413940726582,108.53687793265652,coconut
8.887647246021297,26.988445389097798,31.158438944212357,27.046306610898434,92.10380103888231,7.1200831410275445,197.32607433638992,coconut
17.86277436758867,16.848656167647533,34.98197879287858,25.024532644717407,90.13814877904207,7.471521545513582,119.9462686833052,coconut
1.2153853679248172,14.742961464730044,29.261001539808603,30.113963893033834,93.12167763275603,5.7128636526812615,150.32704481005845,coconut
18.524282107971374,26.300155539675153,28.231897848317935,31.875851929489876,93.54310200217566,5.187348067000345,103.51607132886387,coconut
3.3681589802005996,24.557117361002938,26.837389258424277,28.580407384461836,90.46630060090416,7.7626584734905855,134.39606135835675,coconut
18.162641131212617,28.897512838210886,25.061286473136807,28.248946310391126,90.12328027853447,7.726078298908718,151.8407544734576,coconut
1.4988802539699364,12.205534565531337,28.83509024492739,31.581639350110226,93.4645457578404,7.6028565985673975,136.64566463399797,coconut
0.8642739909999664,29.486352744088283,25.171729906623696,31.633561571567622,91.84338711924572,5.030271215065644,168.91572317245084,coconut
19.610806080627082,29.31251445675185,26.609370112024184,26.268734642463084,92.8276945730983,6.911914479284974,173.94179136658656,coconut
3.62100720944295,29.18014173528869,31.38739256289238,30.929328432093882,92.70032857642086,6.2428305427696476,197.7182906594996,coconut
11.642427416396721,27.337471655983578,34.532923963662896,29.727482389060615,92.74469339259338,5.010532552731952,104.0019640739006,coconut
4.017024321022326,13.720168637119905,27.54758795199845,27.134542463883626,91.80032746775365,6.2616130702066295,109.88663384560147,coconut
0.8472386390556408,23.478888981460468,30.373348248430776,28.10900941554084,93.17219970584176,7.483038221610622,142.76929091162046,coconut
12.822389301039587,29.071444476703174,33.39624495861561,27.982005673516866,93.22358418907372,5.531212765747819,156.052218489509,coconut
19.626565822768857,20.366302304050446,34.27638299190147,27.851344443522827,94.99422413592316,6.737660105682673,104.22689942359345,coconut
11.735095933827761,15.491453913591933,25.324813220358948,30.745973132862645,91.37864818490378,7.389645662139495,128.8217582955867,coconut
3.8865270774754856,29.47871148208855,28.616453277550196,29.209633480102124,93.04990746407236,6.681420446520505,191.46957435212147,coconut
13.48882142733737,18.074660082098603,33.62380384524274,26.267440293811752,92.72118378805209,7.8516511158312685,162.53976298804128,coconut
16.339369009497524,23.071214510903857,33.3937086353789,31.611415158916707,91.36460863766368,5.508983243770157,148.399075033254,coconut
14.037248536484316,14.543825063644322,25.04101450430167,27.400545810856936,94.84429667733895,7.08490238181754,140.1325443941224,coconut
3.8515219469368067,17.12179347509494,26.69839433301248,25.74414074919066,94.53371186286277,7.992951015126421,116.41144395957903,coconut
1.0904511775655945,16.594622142924248,29.616591807614153,26.433748729530983,91.50712455899279,5.602612207074973,177.42605684324514,coconut
14.251558864945215,22.699030315219634,28.872178570792048,31.363286589199653,94.8476627076751,5.520917937876236,122.3012641411878,coconut
10.512620560007393,11.825011385644906,29.36448398823113,29.072538853443973,92.61036785568666,5.992725749234078,154.24458060772068,coconut
19.176019085176957,14.120348085827521,31.548313583940036,25.303776859092363,90.33208202240718,6.655484672670755,110.49391803279495,coconut
0.44693576853714667,13.430259952960444,30.648491709995746,29.92338668163253,91.0123928207069,7.0047783116245235,118.24763310992293,coconut
12.269148532625142,18.23919359791598,31.537995093336168,31.96536926735473,94.68908482616281,5.012845273508311,188.54387643623056,coconut
1.3298159034953305,29.060931723196898,27.81825679099685,27.674243812878895,90.45819102587863,5.336818274986729,172.67405652293195,coconut
18.886644714965833,22.214969899086192,32.15850015526811,30.333788212180075,91.31407137276472,5.135688892760645,100.18727439191686,coconut
7.012985659080373,14.829284563984322,25.623177250491857,26.256698047455668,90.62249449133974,7.744635141852111,114.0267213459169,coconut
10.752969279753584,21.86211910224329,30.43489457708634,25.693395039511916,91.59399180875276,5.15381099738946,139.5669914096316,coconut
3.77197862543184,21.232650665687594,31.928083938491007,28.724839021432945,92.17118348305698,6.162000262570077,184.1691768097004,coconut
4.387361301305401,24.68436679057738,32.57482324740119,27.934400050895142,91.4865029961282,6.411624458137926,109.32139258926985,coconut
0.9186006445817996,12.232063989037837,26.871450314622262,28.529237742366302,94.24568318080561,5.706926995999061,193.5162010746778,coconut
19.098158178700068,29.178092096904106,33.37562734676324,27.546775285584044,90.36341955501311,6.706456195299484,155.86814439372338,coconut
16.999515342191913,29.919821018922104,30.081573065601475,27.41642821727849,90.92950855778133,5.014399474452112,150.91136924888792,coconut
11.110373334051914,26.498769596347948,30.045769678928007,31.415278440662398,93.14041738285718,7.52100871466325,114.8301734807747,coconut
17.106722606046294,23.502877088876968,26.702330324383304,26.328344907022075,94.63250309522111,5.0966460813511185,146.2534943295706,coconut
6.269505798682031,23.30154879996856,33.39629387568992,27.52264685089599,92.13451043661419,7.945753353504243,178.39165096792027,coconut
17.94408261863583,18.775244413032596,27.340762039841152,27.883044257705162,93.58045958915757,5.328291214507938,127.04691056165089,coconut
0.9327180092318077,18.646954766762633,33.27445735979613,25.172645818086075,93.37661763403582,7.797487623541219,123.69278615111823,coconut
13.872696814552963,29.502038022004008,34.62278060152463,26.644504351204002,90.50165526606034,5.444847613687748,170.20356684821422,coconut
14.515177509065511,23.48473123256398,28.36078387742238,26.188438578306855,92.90380545976126,6.451041337273599,172.88341471223035,coconut
8.82720157371243,16.772793893729368,27.934785773590143,26.480292240348227,91.3287318809333,5.284491316532304,134.68570109288896,coconut
0.731396247259164,13.728276943326536,32.46770444619429,27.27828292073636,93.34118508488672,7.150652526791832,158.11853427321137,coconut
19.17395482730797,10.428797332462265,32.38652650588142,31.711506507582854,94.3113586467647,5.50367807541504,132.6820306251732,coconut
3.449036797529308,22.026167276294082,32.12187981979493,27.219516385541407,92.69753286992147,7.072761710213586,142.13398166110483,coconut
17.080310609109187,25.430998705756345,25.646655438505707,29.3478770936358,91.17662775479874,6.672554794001826,195.68884426329663,coconut
17.581240091045004,18.090328062302632,27.915138583443536,26.640840210857814,92.6625743487826,5.3427453597741685,154.92750081282486,coconut
0.026672789815840314,16.476992614916895,27.199343138305814,31.798531529725473,93.6362115978499,6.048960141386713,109.28450865306205,coconut
120.67202378762497,36.40343643978127,20.364295458983577,28.518261187610033,81.15792552101385,7.267576839090005,87.05151445314057,cotton
137.09062530525637,57.9570805326181,20.127232010735522,23.75183538429154,79.59587005879445,6.373115824391231,91.81721576590446,cotton
120.00369343128932,33.0990143343984,16.976477811196155,25.316687605795742,83.87588990718858,7.132781441262194,94.07675001042354,cotton
113.5611419897564,47.14234179132703,19.473798226380673,26.932169213608447,75.5057556607901,6.9866004324779185,74.79963125719834,cotton
113.04740245111637,58.827522946741844,16.826948127113827,23.80120727320737,80.09892575730872,7.7260538962992475,80.83350416031853,cotton
129.75461123552685,55.69122294644407,18.10016355821849,24.53475165184839,78.56556223688357,7.665711617235842,62.21734309768006,cotton
112.3368435531472,50.3822567278539,20.654434995653425,24.92660423364325,80.39948227221385,6.395169171656637,81.53583108040053,cotton
120.06811936705397,57.035673658638046,17.608351628039763,28.810456519484394,81.44241400825982,6.040681662135202,96.23156684496968,cotton
101.4220751019622,59.92143380441439,23.726366876911978,23.67609372786041,77.57411230196705,6.762882164211218,77.80834826572215,cotton
114.89351273541524,39.548296383584415,21.211334068483314,22.478372973485616,83.45981292446012,7.62480496806263,83.82416039276352,cotton
134.1091986111419,37.4143521009088,15.17565455703967,26.57287132526841,79.57909406964716,7.1343290925917415,104.96697045092014,cotton
138.79702294263774,49.03359419266809,22.640555898524383,21.754275901384478,76.60715584891506,7.466409609905953,81.5682728194001,cotton
117.83861081617623,39.2582304490631,21.07356383477744,22.666485408745825,81.26916279313896,6.34759771427048,63.19130173548568,cotton
113.21430754796245,36.93421026029543,23.889916385563325,21.49458108481764,76.76613692574122,7.097439211166099,84.05335954237368,cotton
101.83408073498806,30.217572840454334,24.880679419611496,26.929512303229544,78.65406130901557,6.940864495326482,73.32750602271435,cotton
113.79495134772839,49.47133401804642,23.828117988673707,22.657170207730665,83.40361505385319,6.243113259036538,70.74961117941956,cotton
101.48701152198583,34.224355862789984,24.173031454640505,25.134948719565408,75.77665861778354,7.919453676077922,103.94961538793251,cotton
130.18730083472565,58.004183758426734,17.20129420835764,28.527323637090777,81.89991196354306,7.739518499135377,99.84557828713149,cotton
113.859802527073,53.23195611051767,17.624563029848904,23.957329467252492,76.07905717222977,7.870153231960938,74.55016817001408,cotton
120.82489860685807,41.73998509398578,24.599281205835016,24.015442538446344,82.78545821422689,7.71083230926236,81.78032487404829,cotton
115.12687257811726,52.43237462797884,24.12895980306234,27.794385597650145,77.27126365591866,7.7766154948754105,79.37908337184166,cotton
123.04917647111736,54.943068578781336,16.883947674004922,28.06059122109798,80.96162797910678,7.786683283655217,68.59852009217715,cotton
116.82728948163714,54.98529278600512,15.192317034567601,22.009812300890786,84.90565212756735,6.5607883571807015,108.77715968619768,cotton
107.30126204034696,40.832833290220066,22.528694445035704,26.920005665143606,80.81122399929056,7.059798351610015,102.172022183237,cotton
109.3979425133357,43.27412780980555,16.554522921564573,26.36347436157634,77.5054442427132,6.667684128686772,83.5625358311764,cotton
101.07082342812511,32.75813807762513,21.859292207082195,24.860729826457565,83.64790221999895,7.389344007288399,60.405047082366124,cotton
124.66849323068539,32.81174598179149,22.809331797904942,29.92356919450652,80.31198794241512,7.365559000388261,71.86570804473757,cotton
117.50390975015173,55.68285996709151,16.67422947746251,23.38982045052386,79.4543367528603,7.424497783688028,78.7941977397837,cotton
137.10929119132015,32.83371153806158,18.708041975448474,27.380587110855796,77.25986765661493,7.312826268459346,68.2108479113673,cotton
102.23921139446746,33.630471502459464,24.299847831341346,25.965757946455962,82.9634577547965,6.665309001810103,89.63293239427233,cotton
119.79808534819966,58.37213878206882,22.475746360541102,27.57488368346921,75.46353269434279,7.099339338007383,83.34957269509074,cotton
137.11369066424777,37.72025964568597,17.69833453291094,24.702116239933503,77.43369713406376,6.2583678356174985,102.87074233254003,cotton
122.33106097615664,55.840881568697,23.311347654036958,23.53838119310704,80.47737444324274,6.166435405480141,105.76259420153792,cotton
116.17050860260612,41.81028551667064,18.027553706179532,25.145973702396333,77.51759386545449,6.749704545593609,99.9973524292441,cotton
133.37022014340687,39.12547432885548,19.69014430552788,28.86437798652047,75.52673331829698,7.77828992399157,70.95921728261658,cotton
127.14156976857504,47.47655089153801,20.52940748189252,28.73424202277539,76.01572143644661,6.694056050651272,86.91263731723828,cotton
132.4515541578416,36.493292502350144,23.02929841374276,24.59674634244542,76.88913856433696,7.5179728808869655,64.54494507372739,cotton
120.59069496301771,31.916273515856652,18.564178551577875,26.409691191057533,80.56115541487213,6.809310835809333,81.45239969860579,cotton
109.07078213403067,43.67647765272309,24.532548557208344,28.65407626005411,76.45232869076344,6.059561574641842,106.67621563583154,cotton
121.0699899952299,46.135134694479234,22.807179957065223,23.83220076484194,79.81907568836002,7.937325826293475,93.60743434662035,cotton
106.14980127983144,33.9968024395306,17.042647583330055,27.90040506978646,77.95377003840616,6.04277769335016,107.2087181752831,cotton
106.78853665579642,30.28674558444206,17.37131602383323,23.115259084063204,79.22005250845723,7.840779663000074,103.9592458889549,cotton
118.27578219929711,42.32699714975419,20.550090864748512,23.191086107745893,75.52184991966362,7.878448272342413,69.33494924385863,cotton
107.93602916982866,44.17380986561843,19.916133448403308,21.165907887306677,76.4795473877397,6.7563096371214835,94.18653467552696,cotton
109.13673827327743,42.69043338725288,20.57345064716467,28.99733245160963,78.26070502327123,6.267116531726967,84.46361129488041,cotton
129.8688640673625,33.295792711582,19.246834916969604,21.16006627136235,75.33559181647252,6.965906726433332,74.90986490754648,cotton
133.8042919602165,48.06462918379363,19.539329617429903,24.671418339488667,79.97245480189564,6.080877662425323,104.63966782103299,cotton
139.93212622935835,35.44461374576096,16.203829647746197,22.29219717103736,81.61027058234367,7.32288167690155,102.39620811392055,cotton
130.07305553705012,43.49069020108019,21.12855361565319,27.19456203331207,80.12736470285225,6.951301968903273,92.25487228213267,cotton
122.29898195902615,49.31826916007731,21.12854773963364,27.472769044622893,81.42803508782876,7.039484972874535,94.08984056421932,cotton
117.97927860741711,37.250136779178035,15.014182201339155,26.03967732431259,80.90655226608641,7.944097929551429,78.07391670471378,cotton
115.76532971313247,36.05398744026571,15.705342952373218,27.955240435755666,77.49681064339325,7.217809722060076,94.38865177727408,cotton
118.8494674916659,56.29056339081575,19.437948409797286,23.564177607375886,83.96015522961622,7.723128568499913,68.20199735382064,cotton
101.03844073415684,32.69956669048862,17.86547398553817,29.7503382156754,80.58516153160825,6.746523464058537,104.43580473063732,cotton
118.12545325913999,39.45715885203063,24.412195287456576,28.645658995734102,83.4366837541944,7.024569486100426,99.47191994077275,cotton
107.17413437058208,47.19668872668731,24.838459228475458,23.618625874661653,82.94352329247675,6.9809568144161345,61.99028416110437,cotton
130.5207759126267,35.05707433176338,21.3147356713275,21.770977746422755,84.46867397495964,6.583447774360722,71.32323458386975,cotton
105.16545616265337,58.38006580017144,22.11903742441305,27.674947998462798,79.99404561380244,6.949455570540967,65.50106214957383,cotton
122.39364382335967,37.407494853263714,24.771453328004057,28.169228460136324,79.12992060192887,6.302682517383066,99.2665845569392,cotton
104.88215068325263,35.680012604912115,17.115205177442274,26.012015744457848,82.87056653990366,6.628629757449384,64.23349071376447,cotton
118.58153854097677,52.44330723479807,17.216638430873882,22.97932093235437,84.4722702734671,7.908307454238356,109.52328660307882,cotton
132.3063840629912,35.645525075038364,17.119815207992612,24.062027173701527,78.18132531333491,7.913055498156018,99.45369914408468,cotton
128.96035168646216,35.57889672174395,24.095255593623296,28.450833415555564,76.63641841327923,7.742340663921945,73.61237681852356,cotton
103.23478983328424,49.704669195426305,21.538046593843305,21.854388086090562,78.18851808936583,7.985628924511078,93.92133335043684,cotton
129.20300666413317,36.38751856812917,15.787820710039144,23.49211520766844,77.48898385193192,6.469088201496106,69.63771609435197,cotton
122.99022762621618,39.84310427525465,23.203450150475305,22.655526760626458,79.64627070868545,6.0273156728521595,84.08411612275961,cotton
102.23352883505898,59.33170535617931,22.905921286504128,25.4110032897281,75.86587358179351,7.184890881580829,97.93818753509387,cotton
107.62869012018982,47.046250223624725,23.142108983828678,27.914229998816847,83.02992017867153,7.758646849739439,106.88410510797351,cotton
116.22084620814144,47.06307307568632,22.906595260456108,27.27425832551205,84.95520228264378,6.027355302209289,77.75666076578953,cotton
111.2411170508081,37.86947550496604,17.225297824988857,27.382114567337062,75.84759473275322,7.483217667886676,94.67129210081367,cotton
110.03216530003586,37.585013494954836,21.28860585344502,27.8595399493531,83.76485613087365,7.7042791277089515,108.24414970819265,cotton
123.25539581346044,57.259666840210784,23.08513273260411,29.05200861882612,75.11626601285367,7.931805983731622,83.67650814232391,cotton
131.92731958299373,33.81612358013343,18.959410958139742,23.44314596718892,77.91658770500938,6.246511239901763,100.28819162715035,cotton
100.36969258324312,39.37516370955608,16.74410543216415,26.301350465475064,77.54252402614544,6.517996909056199,84.41690719976594,cotton
126.10756157363703,33.63914113695491,16.75511452465496,23.22457270135066,84.73748214117961,6.79430499988584,89.94950453155133,cotton
109.66171250863911,44.71378575472464,15.74119174385958,21.312679313300944,79.6873352682146,6.797318575036824,66.84401598459138,cotton
127.50405715682935,59.78710472697793,18.956468211967124,26.62102772325655,84.62975942364486,7.663069944893751,83.1776111651343,cotton
129.4995793783968,33.84405120751572,20.12103855463799,23.51154249461943,76.6116368789616,6.8525618125090695,66.55072772168072,cotton
127.95940432697942,43.687201321600064,20.31144632564664,22.317383448013413,76.39771661093495,7.166830870520248,109.25048739147232,cotton
103.85002332950903,38.571942856973436,23.694591165378874,21.650448110297134,83.75885721366951,7.048571966749503,80.41333869632129,cotton
112.38722257405823,38.91351474383526,18.058025824494788,28.963227728641762,82.23795230174785,7.339446015662301,99.93745744760004,cotton
110.2845865201658,48.54128436245267,19.60066238957951,28.04197471680174,78.09256110473285,7.286357233739792,104.11062059086566,cotton
116.08601904779715,31.998662621023843,20.160508223417928,24.113752390263233,81.72225380547175,7.9020658494972125,84.28041589984235,cotton
118.64760920622135,49.637544005743806,16.034975035935677,23.281555700325132,84.18979325500399,7.3398852267275325,60.67220219917081,cotton
108.1850189023608,50.485117980866974,22.643992025625742,28.558736154066377,77.92176803382046,7.862057192555126,87.64734467889463,cotton
127.86156089551571,47.90216588339724,16.227400546746203,29.66803193446392,76.22875579894152,6.509763912822367,100.68139401114901,cotton
124.74387846004406,55.14447496129071,20.15736188374045,24.392939118299715,84.21845499547786,6.07250463502959,102.8065110176523,cotton
109.23271140751126,55.46208983261903,16.391966134168857,26.221970673214862,83.88107919011472,6.947079293797781,97.32833369016964,cotton
132.18686471422234,52.09482626150337,24.253297368745983,25.021508074679357,76.73125439165156,6.09562212740496,72.32299348187526,cotton
105.72790015520968,46.73846224303442,16.84945337211732,21.35040336560434,75.35989828868668,7.663138996729723,89.57249657215124,cotton
114.32341207573512,56.82684128220741,15.701966114077136,29.822898654550436,81.1629179025446,6.366928507937697,93.95345494884842,cotton
130.53525039134252,42.88028350112323,23.616326062455474,22.356591665668233,77.78837583577608,6.1869847231679795,70.5438920303676,cotton
109.5491524764458,57.528995727651306,15.781096887511563,24.846736081689386,80.32398687226913,7.797386107604321,109.88481093306068,cotton
130.13552459679343,59.12372971707089,22.871011325358737,29.668823768742747,82.07270725944456,6.159526850902142,80.09600934963382,cotton
125.86389135209882,40.52155528362753,17.733839181137785,26.19659340419782,84.33501876702435,6.069963747032308,98.46156017707189,cotton
128.90909112178508,58.918602761648614,24.307112223325436,27.860093058397737,80.20408764682598,6.40853510646704,87.26178591627871,cotton
130.61407975678617,56.87007637913679,22.89712009210549,22.757402416719486,80.99686314228059,6.664346919062714,60.46028336953215,cotton
108.00883743154664,33.396619498003474,23.427191235394687,23.326556269330307,77.84697968887555,7.919873143597768,78.95433615244261,cotton
100.38342560577578,38.5153844503841,16.192995806018125,21.925277055622686,75.7748729013575,7.186518940350755,69.46738618149293,cotton
114.44971176164042,55.8605314839005,19.243381397962757,29.241222150464736,79.97938053395606,6.7976732296795115,97.51944635453508,cotton
62.927003950720085,32.68435148947252,49.55921141768882,30.330229272110227,85.8083050063842,6.916270837343531,188.83668776715476,jute
83.85640106338585,45.0208988338593,59.44831966927299,34.804097295635735,88.23475416554707,6.254340087577604,227.25264231625943,jute
70.61892899990596,36.2622760028517,58.32798478966652,24.250957417332266,89.30777407326859,6.149261896988806,231.94380817932682,jute
71.03690212272413,40.521069822921824,36.50273133965955,31.611682552254035,76.96191095015749,6.657393039494663,151.5647317942066,jute
62.57499534060158,32.98983458193746,42.56981055930693,34.59235024457969,87.76355820756766,6.244810740060901,207.4369724239014,jute
90.73459970770402,38.66488289758826,42.2702321020882,30.81166463491428,72.69749692816096,6.0259822937257805,165.28058093182833,jute
85.07414485014134,32.20854784601045,35.69089094550385,28.392100514038948,71.55740128612733,6.191699271161634,241.12697889835113,jute
60.77196528907939,49.602957725230866,41.53226792745555,32.744433612620824,81.77383440726808,6.223498754354644,234.72094875733887,jute
79.67761530437427,54.676080567404156,42.18037608564657,36.80091220089811,85.40978717002592,6.9659502051125735,201.4326478909859,jute
78.94764529162802,52.66361427975774,56.408737890402904,36.53389534625225,76.49103812064999,6.798704573842639,171.06455976355366,jute
81.82297386981782,35.395444452275974,40.42192085251017,36.10765877368397,72.92181399546172,6.632400895135197,209.29542729274033,jute
64.82953410835945,39.77937131306437,46.889445135457976,26.433321916850375,86.0124731282563,6.9721565095347495,171.4759399962472,jute
67.47647859162304,43.64805215392334,52.43295831420096,27.66080793305827,70.39759817394561,6.541220628032894,245.66005677673076,jute
75.65107421627782,42.60403662549301,59.067051513421134,33.02989895114747,84.3834384568425,6.562702005371068,247.46092108632416,jute
87.55465937702225,56.85098254815509,50.98136597199664,33.556505722925145,75.80821844284493,6.303478698013819,228.2984649576029,jute
71.86825156679598,46.88310212404595,37.48056932720106,34.620783950517904,72.2100270245538,6.829446639761665,210.27298005076017,jute
67.47638139308309,46.261061565183546,38.47496510542021,28.205075351496454,77.0305608319376,6.063319246972321,248.59616844014175,jute
61.261385125248964,49.874906195528354,41.13682943272292,32.398133782307085,77.12496506175168,6.673750646258859,222.9235509468361,jute
87.62210561598579,33.41885944074457,49.706797039640534,27.639838142903265,70.57602741138668,6.414830671888954,193.3543102803801,jute
78.68696533409786,51.14472496172149,39.26531427427378,28.098646670350995,71.2110451248252,6.686821215992296,206.7826091399584,jute
73.97700450775153,51.155669367520645,46.12073247680631,30.100184296317018,80.22649087322253,6.636348125267056,216.00026045745994,jute
71.55831276562868,34.2223009017346,34.69902543571556,32.31208151673902,87.45746571534252,6.409496278345552,166.95201603294623,jute
90.26409993175419,54.974684232583456,56.417473293629,31.88880857587853,87.21457118776169,6.015414958448408,160.72358017695234,jute
63.70304268208395,51.37814052764199,32.08745350630737,30.45273684206199,79.45413797272579,6.3107035235582405,237.04051699420998,jute
66.81732807519984,40.573883531977195,53.225145000687874,24.395490087112695,83.45900800492737,6.81639772636157,243.22678388381672,jute
95.0518656196594,39.58152350501055,47.590924239688576,25.004815410956056,75.15740007096016,6.094222378747507,181.5187290153964,jute
95.00748853834915,40.41500519022878,46.85694309004279,29.63395102549423,79.17833048597471,6.9695720518365585,179.61544682638578,jute
85.09297878092686,42.601880087383414,31.834385431430587,30.36130081111507,86.26686658090216,6.098752968681689,156.9591847396309,jute
66.14526081573067,52.93200334167918,51.719861524342136,31.34523099577944,79.36452808185265,6.888325814702622,226.66978238334826,jute
92.4776900520722,54.39786904051962,49.281514642366744,29.954190116107295,87.29355505171301,6.926007417603251,152.3806043258343,jute
62.06219493065005,58.76229890725312,38.314818415325846,35.35380271544244,77.77590237922806,6.119100057609356,158.0443200209334,jute
66.26031596321826,37.496795846020945,44.65555061792479,33.119472707355186,89.727971529706,6.441506743289171,201.81849423431098,jute
80.87262805533022,46.18303066463808,45.53221971313387,24.11407181580493,70.03449644219681,6.097666318126123,160.15566034291788,jute
88.19587635819184,36.14748097547999,56.84142314266839,36.07188228450126,89.51786675791797,6.93908130488702,177.18883219185247,jute
80.3910737881405,35.26364910590823,54.186289655173,35.549612166873246,87.0257767859503,6.433366948696835,225.8673884686781,jute
63.90316678305078,31.20734311857752,52.59709242926283,29.529618566272887,89.91098529479139,6.097254215855532,235.56276815352336,jute
79.19932262115967,54.81450586511631,54.51381846510435,35.907896017707,75.95700022572206,6.949799353462003,165.16669603576202,jute
63.27875110373962,42.948465521170476,54.84968905925528,30.154474698234793,86.58573355061029,6.729686805794305,170.94283861389334,jute
97.95526499597855,31.8234350588821,56.948391226313845,27.957764836874862,80.00296166328799,6.422351872700735,167.18345569169162,jute
74.32587465606773,35.788033088783855,36.11659426381571,26.431738868342944,79.78034760693188,6.797931367511316,206.8970033761241,jute
95.72826354203367,49.096334657301725,50.680203468978135,32.678893986451044,78.98918386367482,6.6893388222000825,156.9707746468961,jute
94.39405887662653,53.33436430331752,37.356898746950364,33.98442190530307,70.25285202800038,6.217246572480881,156.5137238670896,jute
91.20907666471578,52.676224535351615,54.40908071405492,24.058262013231875,80.02465453356817,6.704836197517336,165.54011287390153,jute
85.99162910050498,32.52330297929057,35.4397756831294,30.185358594929813,83.07130305362205,6.145869126953896,168.5223330830938,jute
68.17785468262652,37.16102414096935,36.79661545578874,29.136938410469277,83.07579301673445,6.43803178313447,227.59739087498883,jute
88.7707402379446,33.79580742147227,31.465248699622318,35.41324033199488,71.59662133125747,6.148339180719713,152.21332755581182,jute
85.13345461194615,47.47111689475045,59.60710999305767,35.530121152123236,78.2168635496182,6.371585840912535,179.68520342799852,jute
66.09627680151526,34.14250969806027,33.968511240288166,25.48349184342812,74.81024084811074,6.3066686303131165,246.15789710389157,jute
83.13893004007542,59.627873235398425,41.1740084347702,29.949146223662733,76.49157318330558,6.182887650896553,164.31647077775793,jute
97.80316791231328,59.60432045396267,31.347284895261947,25.954496371512963,78.47048184602045,6.186333476344407,186.38803936268835,jute
65.16385399438533,43.695352701653704,38.15083848507778,28.57476572486259,71.88625302925495,6.428128050710142,248.32576109615698,jute
73.15332187524761,56.29287824527305,55.29597424871055,36.37675943786374,85.80219024534189,6.659596827058815,235.65844442274576,jute
63.025787226293986,43.88491971596423,59.67768715845176,34.00480196683152,89.24150756074447,6.779634356133479,237.4881967442144,jute
88.26118529212764,52.81506013251719,45.69534029518502,36.01509011058373,86.50077821246722,6.843884965665632,217.30091009630524,jute
72.18319788348995,31.06889386170418,58.06965388228633,31.619564534471458,75.96285942296281,6.149135107847538,232.95231655007547,jute
93.46080777790316,54.43523904391594,49.35248075900358,28.758200038694387,76.08140569560514,6.00855477011817,233.36075586882401,jute
63.4973078997457,48.92264994122303,45.122248405202654,30.846961666042567,88.53425690615546,6.031615011271242,227.33922246287722,jute
62.08209593469228,31.144608178061315,42.89453094424146,24.81997726645857,85.78287902585824,6.5295630936483375,152.90387826597745,jute
61.620027459276784,48.38005589218438,54.18335452975215,29.691393906572056,81.09161343071248,6.799829454049902,211.05061740418193,jute
68.99040950635278,48.39156077608436,48.84838377195641,33.543390751454645,82.41748375113602,6.969242130458038,169.72883087170686,jute
98.04362718268305,46.15018471050049,50.15868421484736,25.293000766878468,77.61151882756214,6.769379146463173,220.69110150989903,jute
61.605575526616406,46.397827904917335,32.648345789052286,36.94613357931611,87.9459317706659,6.021080660428537,235.8649578902631,jute
96.77718402233631,40.60644667690365,51.585049651432975,29.747348700701124,83.10464969152689,6.340317404298191,182.25592366332683,jute
76.97735555430316,34.36703275957503,54.93416893306148,28.533072639701277,78.0029910781169,6.894054612702145,199.66238140631714,jute
81.77015637403451,58.694943743312955,56.601791494349676,26.203067215549712,79.4643005983621,6.971296227428546,187.23662982286027,jute
74.86292434064801,35.85090695367463,33.42969342357376,33.623962279827765,85.40060937403032,6.969012963503,227.3418210905363,jute
69.73409976134394,31.203497348655464,59.563121531089806,28.425859042066875,76.23943084864841,6.905955209749383,208.5099898544986,jute
68.59484695396539,56.672887281487185,59.8008256516423,25.1268212949608,87.24503256604974,6.390515697684394,202.40724465067044,jute
96.59263903059923,59.20137587325352,37.864917312263984,26.76706002247888,71.61033117183024,6.561797852662138,151.36043954506684,jute
76.47593190439747,32.20152049956026,42.15677348788002,24.51911846045292,86.70434521217538,6.209738993938566,182.8308710357912,jute
94.80191986425567,52.38798183996615,36.571150849261755,24.934692442547448,84.3134755371068,6.390702550688109,226.6079999118221,jute
77.81179089500841,40.38007238916829,43.536162246371894,33.7312668137188,88.04440573080748,6.049767196588576,202.4111541226955,jute
61.313417163355105,44.05228635073076,56.558484872907016,28.700673463464025,88.64900842161286,6.63060847165061,243.41553437930065,jute
90.28666501650079,33.10305499946287,36.93454102688031,29.12421590958558,73.40213764024152,6.494911604776661,197.13681557014905,jute
98.25036792109525,43.01183648687933,53.56880412863993,36.244837083069235,87.53977661947971,6.208667624511592,199.60298942535442,jute
73.90959129183703,41.99576085411647,40.82420478737254,34.742669732275054,79.04278110244894,6.5236943322446885,248.24473570470747,jute
62.39917088766066,44.63872919372246,53.221851208383484,25.965105456446945,82.23063189229548,6.239464779534467,236.74041132245674,jute
73.08398661600317,39.87188450702729,47.945816355536806,26.386317805558814,75.69777277806122,6.416631850119412,185.36378631401104,jute
80.9950887202233,47.989204322068986,47.00002361250493,32.50418805589512,76.1549903321564,6.126426227155028,226.0807541431077,jute
94.03121530522728,37.710186966672964,42.21275868474059,30.481399820526217,80.66653685505872,6.6594901710876515,154.16032333553213,jute
88.85908330936068,31.859130209382307,44.048657030186035,34.75972476239952,79.02430626556793,6.149089748768247,248.50338450059598,jute
95.57141848297053,53.13940899675042,42.345348086976315,26.38999444956087,88.82822362837003,6.532351126517139,235.2355460387485,jute
73.68380023037703,40.05864951238412,59.56621442022117,30.783829630433047,72.81390847721492,6.219674677994707,198.1944279392721,jute
61.698836419536455,43.87601956134901,42.56822526240383,34.131371449153335,77.09883928978483,6.982548761539599,168.07699193009032,jute
83.6394673987254,32.69097891024764,52.01591951981946,36.93179794480563,86.38277275503265,6.555703540720302,198.4741357399692,jute
93.40119845067387,58.07922254132173,59.676195773942794,29.155009958338294,89.81834949589025,6.155926252173831,175.3549775931909,jute
63.56064498935585,38.15215549453445,53.03812654854033,35.088016656319844,85.57785290205143,6.631065778167696,201.39665125226458,jute
88.34817156854587,41.72500647801665,55.23925054499105,32.80347122169821,83.95609396988817,6.535935993129071,238.52289842111725,jute
70.0805893471621,41.43442960083152,53.32927709033068,30.40573564968139,87.78428026848381,6.3463993197628525,186.93301688196448,jute
95.54943157546501,43.93110960546123,45.483737526074606,28.32592829936383,75.53339884358164,6.655948710838392,161.9840661541204,jute
95.17090564731637,53.37609410295323,35.722447911174086,33.02225929571935,82.05265842571269,6.184535050736644,177.32035060502324,jute
76.35946014935337,50.97728205736422,49.16170226451018,30.919053019797072,85.36821086228068,6.757937739606166,211.7859154062256,jute
91.47960333539301,40.02790124337628,56.43748584967817,31.99383111542523,86.44727027624862,6.546279104790284,171.84382449886803,jute
81.69640514713234,41.13334991329764,50.92497108111284,30.185319292551565,86.72225609855376,6.678072512321917,218.4544433031324,jute
68.68621333964259,59.52749299473871,55.25025627814466,34.25706349928903,76.60430450320055,6.535631652847232,163.71031880743286,jute
81.53903906650824,34.376677394498614,46.591135319688036,32.433384442013775,77.80391934499805,6.498544878331293,237.56533876745857,jute
64.34252578811237,53.75198678998959,35.122636529885895,24.47720377646017,73.71149205490096,6.7650431899704895,190.512607333686,jute
94.90082067384728,45.74122623546798,30.667510557789928,33.31727692482505,72.20465817442465,6.789379633461924,166.810254980518,jute
73.81785543222054,52.838142888760814,58.62694072429265,28.82864135840752,86.58800440397872,6.190792265475839,230.71797702024912,jute
86.29976237025005,35.78230521637106,39.07511881054235,25.713021551761468,77.65934022128627,6.203648641123277,214.39979536304736,jute
119.78020416882235,20.24018326168528,35.818396265745974,25.44199958529406,64.14208789680812,6.253002667383469,204.37014196449175,coffee
98.86611205313554,25.378086091229626,26.120582664978272,24.451946093259018,55.52591471240679,6.2752462347329585,180.72936432422932,coffee
101.34409606101711,22.685939287903732,43.652599314787196,27.36712746129961,56.899965092022846,6.171722141647005,211.34927718519796,coffee
83.82744829223626,27.091356422323017,30.02224573638012,27.49310037230018,63.52510636289205,6.289916370633432,202.03463368715742,coffee
117.22903178181588,38.6485556595763,44.38660250703321,22.752273304649126,56.6055781076317,6.338368349339944,204.1434476609845,coffee
80.73863619572944,21.23950071979039,42.7616076451761,27.21322477323632,58.57270921996045,6.4455253084652675,209.3675074397902,coffee
112.23622588075608,28.548621423204285,27.267966546898176,24.602362375876098,59.57299797996898,6.275472096920302,160.5582712904428,coffee
119.65607452198446,24.882736416138126,28.97104807074186,25.16081751313562,60.37208179394889,6.219910368916622,227.18921463252545,coffee
100.66617602914411,32.19390910289968,39.47492770815571,22.1501506093832,60.70644182545045,6.442097235614185,151.7388742925434,coffee
96.20728415203844,38.5245490041166,32.06308804565076,24.752372945201444,64.81541393044313,6.099661929475287,156.5255189125006,coffee
114.37690363445218,37.369306824247374,34.44155669360026,25.085243046863717,63.35806369617836,6.369279749057897,176.51490022170105,coffee
80.67573420286074,29.594003250670916,42.178246521912826,27.37500806014097,64.56226197076154,6.439781618806391,208.00435552980983,coffee
97.78422396944404,35.49699693068198,39.79643268731193,25.22886058048873,55.87327372558469,6.46304067339346,195.56025375016623,coffee
94.53335127665058,32.591347903375436,38.47675922333954,23.264127502181807,63.36938844809956,6.144968546831189,168.66839259143165,coffee
96.2559941141799,34.611201617949305,44.309163568796066,26.855687586228598,64.40348377670192,6.0703029020382635,157.11767988636768,coffee
102.30819047626684,25.805949660880685,41.56109945938546,26.031927228413956,64.70728163985794,6.127396177865652,198.57841143552324,coffee
100.04961909701413,24.783535897147523,36.801867989760154,24.659715916475438,59.46721555989873,6.181368323986241,151.69293524255352,coffee
100.88380947659155,26.70495671400662,25.026397379686593,23.84766224597159,57.78628333089757,6.196724076611818,163.1851989643397,coffee
100.30735298540338,33.848807050362595,37.60371138109145,26.822529685415144,59.52008287987081,6.259545865169864,231.04019408589835,coffee
97.10804683276955,34.031986997991936,33.69204737435984,24.506417167069376,62.60205624529161,6.087418457733105,183.85859719415737,coffee
88.96689106987607,27.182198859351942,29.60749644732048,25.476433786519927,62.98170802617845,6.393306530608951,186.45009645487926,coffee
119.55041623577047,31.877087294116016,32.988006035565896,27.013235675448552,62.29874012642641,6.374637668412052,169.61393497338716,coffee
98.73297229474221,37.23656261649205,35.080760152575145,26.1007164605263,60.87933733034264,6.421178393859191,178.45608397616027,coffee
103.01901111545459,22.46469336019608,38.80421553398936,26.391807030116272,55.42837321188998,6.337895481813993,191.46901541657863,coffee
84.9638750443873,28.398150953969353,28.884658593911634,24.4933571927399,58.84339027958528,6.369195818468029,227.42155581663587,coffee
104.28114617538186,20.45373684364895,43.62044558141988,26.117399680578686,55.34195449921189,6.409416449607059,170.0266154717996,coffee
103.16884758284428,29.332687399003742,33.396775647101535,27.338282320746387,59.37361291562615,6.037672058786575,244.66387272149524,coffee
116.8214092495851,33.68865379163198,34.3578505626405,22.55715683766113,62.90748118577476,6.037738957212015,156.86009848951457,coffee
101.49535369757473,23.202564803692805,25.15460534680698,24.538680585974717,56.37217231610066,6.080257707640346,157.69106387353347,coffee
88.2037501489444,34.30968359548778,41.17854614435583,24.715201864175803,60.06553815881418,6.016327517297102,156.93162613713167,coffee
90.30270902598068,30.877968414262952,39.79102297469986,25.6300183680282,58.921278549867885,6.0591620365015695,228.07732348871895,coffee
94.55144206396228,34.72108028965579,35.25957683828683,26.43197232137095,64.07289561452572,6.460514758026901,203.51067800006035,coffee
100.46033459062555,25.313569310056746,43.71599663058583,24.747515003197726,56.27591239287377,6.216352457313275,162.70532502380038,coffee
100.10126737028301,31.225510297124245,31.755115229871706,22.429903685388908,64.43503535633239,6.3866765567417145,233.8881080505121,coffee
94.67473577144918,35.21662060038901,34.70745790338388,23.206500930436277,56.24423376907213,6.172525434661028,163.75521114751396,coffee
119.93075904816274,20.98377980464044,33.82287198738153,24.712561134342305,58.00631928581676,6.285675782853473,164.99770241515446,coffee
111.35649522348935,26.648954364952765,36.826851795972836,26.293835416401755,63.89042117690161,6.4178937182261,210.83090281035595,coffee
95.53572721535548,30.064093401499278,40.37469586757605,27.26527325535684,56.037819281766716,6.192428131246527,227.61165984135005,coffee
97.26607050375844,26.644555281325676,33.22645393646539,25.617068480718103,64.99805144133802,6.246496214552266,170.84944749542606,coffee
86.51386301116379,20.846994949528288,36.17634469836643,25.267432548933005,57.05233926780309,6.347664703226283,224.1107041629681,coffee
90.36392821528445,26.88199528059473,44.809433446945135,24.245586807104406,62.608016717561014,6.22636271331497,229.3344827860976,coffee
110.7609295513059,33.35512050397071,42.095566925911584,27.63531096926611,60.79983320452084,6.118734453611373,189.86289616440752,coffee
110.33222854053173,33.01766970247739,28.555966771304973,22.30743724687855,61.82961593542065,6.125539512014672,199.96702437290534,coffee
109.86987090050377,31.253335613126662,26.66605166223593,23.113481420701333,57.19328184030919,6.128932126822423,206.54033919505042,coffee
100.15863119301574,24.06320076728418,26.351096869113743,23.028593226848308,64.84381312618603,6.234273474895736,236.73455047021125,coffee
113.95009866675373,30.230391149257475,39.133754169210874,23.156512062476274,61.88396704926908,6.136192289631644,233.2062096754151,coffee
83.3489653243564,35.46277345770555,26.99873813137239,27.287135421365853,58.04204518135003,6.327196682415288,198.750227862028,coffee
94.65212581049356,32.90883666366993,43.950459611024755,22.24761848424773,64.18852855883104,6.304540827510507,230.7314300769052,coffee
95.3549981373711,29.436859496752277,42.37701503602328,24.489087818858938,60.34659566749085,6.010097461542166,165.85980058380423,coffee
105.667460318992,34.33953802127754,36.65201873568999,22.859860217653665,59.45405428577835,6.177547383181595,199.56613440350884,coffee
114.81316138216377,35.51722877317304,26.679790027783177,27.341855186647386,59.71767151149824,6.371931072442999,164.0039231264352,coffee
106.82878102828192,24.72652035218916,33.76761794281863,22.101177220492627,56.51610637930476,6.04604024656181,173.97441729382584,coffee
84.00072360097289,33.83820053239124,25.580798044184387,25.70644300374999,56.40707830825574,6.472580728588948,243.30940731098542,coffee
89.0201241008385,32.288425964460586,25.560106389449167,27.590731258307045,60.2298730819171,6.0216115757088895,184.24999930081373,coffee
83.07397847444936,27.858888787467198,38.39852684322646,24.819339448248638,58.83722174719455,6.059578522770233,174.49390456936564,coffee
84.00573150953404,36.14997463313321,27.70479655969445,25.57224019929336,58.42740413588846,6.112989192327592,213.94684394921038,coffee
98.28009237507763,28.002909345691183,36.85704009784443,24.947605770940005,58.034842085515606,6.279530643882626,216.94985765506945,coffee
81.06772634347418,29.31743457815351,26.153665691670874,23.118432484408665,60.60508734077973,6.43309445763279,238.28056791884848,coffee
82.79776040554525,28.38210172573413,36.66012966009102,22.88241942730206,62.65432216744772,6.37211762921862,240.33410137067946,coffee
80.33944048333773,24.33368487978005,41.543734284906435,26.023480304961613,63.943898536984904,6.028589827265133,209.6963965716443,coffee
102.76186299574697,20.713488327210648,35.27044153824967,25.657121867859544,56.91293174202107,6.136664791562332,214.0347346297737,coffee
98.73203790399833,37.16027315136654,31.847635320183766,23.599957950329205,64.84865940344842,6.455567885065042,152.89927449989798,coffee
110.82914461226264,22.20669547650406,25.54970389658742,23.642173095798093,57.69345879061105,6.4096593811734826,221.06672459428353,coffee
119.26437709328057,34.23025800623637,33.365111065120956,26.1935659656713,64.99459067186402,6.355070941281264,226.16813559803182,coffee
117.53460060761037,22.273025226233667,39.09568586895453,27.104835747804692,64.54378600220893,6.105484644855849,200.3929007724244,coffee
107.22219390577928,24.94935459002675,37.00945726500548,23.545472694987996,58.334570205316474,6.220759348255433,202.9190098746567,coffee
97.97463486500602,29.863910395758584,30.971775125765852,22.953790564135783,55.473499773268394,6.097989361245834,208.1943641505783,coffee
111.4446179121253,23.38495194885789,27.17110715545297,26.495742163295503,58.051583305372894,6.475749719613677,221.4317970610373,coffee
93.07024188972123,25.7908549558741,35.47396772542618,22.474868009669258,56.17676512645299,6.087928940658096,227.47235933045602,coffee
100.5542943707649,20.211342455488857,38.47033054944218,24.54214107196298,60.10852364963798,6.1070581217064674,205.17822283941035,coffee
119.16612959005954,21.46889382011523,30.67834799328861,23.457985557164978,57.48549310751179,6.189353178782689,231.81097847441674,coffee
116.5143475985755,24.044301749179468,35.85899875896226,25.821393832992882,60.218274743638446,6.21703819709846,169.19755058592378,coffee
99.52877436796953,28.024296554226577,40.91126725004539,26.58162615497797,56.33998681205671,6.044259526281534,240.8153943227503,coffee
101.42033555857991,37.156018745651814,26.163022411328022,25.15909369912978,60.39426514576236,6.430351016271075,159.76099982297075,coffee
89.61782254703637,28.130766277740264,42.31682950839884,27.6332998904234,64.92724619593628,6.479596743229261,150.59417558443545,coffee
81.90833365815489,22.952136383151775,31.977241935405463,26.979508185921752,63.926561953354806,6.0934172031472915,211.96641516197087,coffee
116.69447940261107,29.274634718626416,27.07087143905568,24.74688190050775,58.757949022880574,6.288828998033003,193.86586844071036,coffee
80.69383707414872,39.87995466827343,35.87080475461142,24.841784532907656,64.54617371504054,6.077930183793539,168.92376025452484,coffee
112.32058996251135,25.216621600500176,40.98454212583054,23.629200897451014,55.331876302250016,6.258507361943358,169.66864341268615,coffee
110.31385171729885,32.82399266464296,43.47205335955836,26.697930143594416,56.80775954840727,6.400079118332398,214.17370448140232,coffee
106.758065670425,36.64525771940298,36.476481383778804,24.796021086118078,61.36641035358728,6.148978714479179,168.25971310870995,coffee
104.66351352284985,24.676967381709552,26.598302186932134,22.00332510751152,61.08319401400067,6.181074391740118,225.23109706734562,coffee
95.0070559325241,29.720068964764536,33.1416994563077,25.903448746656075,58.561391620149685,6.481883824971154,243.61469865985302,coffee
113.92111610629125,38.40600541145496,33.98279376918782,25.218582380736954,62.420925925582445,6.348072962469271,239.06785956054708,coffee
108.65324109026781,39.95769416456921,31.97011599663182,26.997986453436507,61.97634822832664,6.345693222607509,182.5835594844999,coffee
111.4240716969209,38.007520446951986,29.37096923041126,25.752981022700226,58.921348291027755,6.494774059647439,197.88328158316816,coffee
89.13280695187771,27.63715250443665,38.076767796332526,22.45653622809746,61.03601920221237,6.465612379589449,235.03627876578503,coffee
82.70694146631934,39.86779757478136,38.97453847407758,22.97368494588414,55.12416089169424,6.085641318146076,233.81759206857384,coffee
80.86557299780655,24.66294607236173,40.146111906697506,25.51666321538881,62.82735710360192,6.373075251913394,155.06013871218047,coffee
115.70045676376606,24.540636685645374,36.06784880459527,25.865728939166672,56.68628210885095,6.488115628350487,198.81559560873092,coffee
82.30570782389574,38.745240895556805,36.72535686386536,26.195159187888258,60.25175789934224,6.417368977388484,153.3133462193211,coffee
90.73513461108591,29.392967128053844,26.5320723262742,26.23544001595995,58.93663414055641,6.136333995134072,150.33788468084123,coffee
108.79321246999815,36.67618617745724,32.900810713629966,25.385307862200193,57.276866259295986,6.311098823140067,151.21374583152004,coffee
99.54575588395033,32.88410963681385,43.36383546459468,24.288014902733707,62.6519020298103,6.29884351497175,242.70121129250805,coffee
95.93510702637722,26.38190679745976,42.74283997388288,22.295466408449734,56.36385392933677,6.041202217292022,234.31099565764026,coffee
80.42429693481277,37.23314310994096,34.025355907425336,22.024151673123825,59.01645177212042,6.093400420522518,212.4400487472163,coffee
107.17435159686586,29.750551408099994,25.8103905087934,25.93677282620321,63.42038783605521,6.360162138663201,232.99579189553185,coffee
88.0203809420355,37.77775879312965,31.443869012959254,22.080428885511946,63.43391646329071,6.4709106344823635,215.55581974173487,coffee
89.25746521853699,25.034889285650607,34.331857468712386,27.386986477608517,56.49597656147559,6.412986834791743,179.13028087051504,coffee
112.34344677716392,38.40542395203077,33.5498774398864,24.190303924633184,63.022213189713014,6.264741441189697,218.44490484631973,coffee
